Category,Image URL
3.1 Nine Plus Five Works,https://irp.cdn-website.com/5516674f/dms3rep/multi/3.+Exhibitions-3.1+Nine+Plus+Five+Works-Artwork+Images--Michel+Auder-+Voyage+to+the+Centre+of+the+Phone+Lines-+1993-+Hi8+video+and+mini-dv+to+digital+video+SD-+color-+sound-+52+minutes-+courtesy+of+the+artist.jpg
3.1 Nine Plus Five Works,https://irp.cdn-website.com/5516674f/dms3rep/multi/3.+Exhibitions-3.1+Nine+Plus+Five+Works-Artwork+Images--Michel+Auder-+Talking+Head-+1976-+--+reel-to-reel+to+digital+video+4K-+black-white-+sound-+3+minutes-+courtesy+of+the+artist.jpg
3.1 Nine Plus Five Works,https://irp.cdn-website.com/5516674f/dms3rep/multi/3.+Exhibitions-3.1+Nine+Plus+Five+Works-Artwork+Images--Michel+Auder-+DAUGHTERS-+2023-+digital+video+4K-+color-+voice+and+words+by+Natalie+Br%C3%BCck-+8+minutes-+courtesy+of+the+artist.jpg
3.1 Nine Plus Five Works,https://irp.cdn-website.com/5516674f/dms3rep/multi/3.+Exhibitions-3.1+Nine+Plus+Five+Works-Artwork+Images--Michel+Auder-+Gem%C3%A4lde-+2011+ed.2019-+Mini-dv+and+Hi8+video+to+digital+video+HD-+color-+sound-+21+minutes-+courtesy+of+the+artist.jpg
3.1 Nine Plus Five Works,https://irp.cdn-website.com/5516674f/dms3rep/multi/3.+Exhibitions-3.1+Nine+Plus+Five+Works-Exhibition+Images-Nine+Plus+Five+Works-+Preecha+Pattara--Nine+Plus+Five+Works+Exhibition+Images-+Preecha+Pattara+34.jpg
3.1 Nine Plus Five Works,https://irp.cdn-website.com/5516674f/dms3rep/multi/3.+Exhibitions-3.1+Nine+Plus+Five+Works-Artwork+Images--Michel+Auder-+Florence-+1979-+--+reel-to-reel+to+digital+video+4K-+color-+sound-+59+minutes-+courtesy+of+the+artist.jpg
3.1 Nine Plus Five Works,https://irp.cdn-website.com/5516674f/dms3rep/multi/3.+Exhibitions-3.1+Nine+Plus+Five+Works-Exhibition+Images-Nine+Plus+Five+Works-+Samatcha+Apaisuwan--Nine+Plus+Five+Works+BTS-+Samatcha+Apaisuwan+1.jpg
3.1 Nine Plus Five Works,https://irp.cdn-website.com/5516674f/dms3rep/multi/3.+Exhibitions-3.1+Nine+Plus+Five+Works-Exhibition+Images-Nine+Plus+Five+Works-+Samatcha+Apaisuwan--Nine+Plus+Five+Works+BTS-+Samatcha+Apaisuwan+2.jpg
3.1 Nine Plus Five Works,https://irp.cdn-website.com/5516674f/dms3rep/multi/3.+Exhibitions-3.1+Nine+Plus+Five+Works-Artwork+Images--Michel+Auder-+Cindy+Sherman-+1988-+--+Betamax+video+SP+to+digital+video+4K-+color-+sound-+42+minutes-+courtesy+of+the+artist.JPG
3.1 Nine Plus Five Works,https://irp.cdn-website.com/5516674f/dms3rep/multi/3.+Exhibitions-3.1+Nine+Plus+Five+Works-Exhibition+Images-Nine+Plus+Five+Works-+Preecha+Pattara--Nine+Plus+Five+Works+Exhibition+Images-+Preecha+Pattara+24.jpg
3.1 Nine Plus Five Works,https://irp.cdn-website.com/5516674f/dms3rep/multi/3.+Exhibitions-3.1+Nine+Plus+Five+Works-Artwork+Images--Michel+Auder-+Domaine+de+la+Nature-+2023-+digital+video+4K-+color-+sound-+51+minutes-+courtesy+of+the+artist.jpg
3.1 Nine Plus Five Works,https://irp.cdn-website.com/5516674f/dms3rep/multi/3.+Exhibitions-3.1+Nine+Plus+Five+Works-Exhibition+Images-Nine+Plus+Five+Works-+Preecha+Pattara--Nine+Plus+Five+Works+Exhibition+Images-+Preecha+Pattara+26.jpg
3.1 Nine Plus Five Works,https://irp.cdn-website.com/5516674f/dms3rep/multi/3.+Exhibitions-3.1+Nine+Plus+Five+Works-Exhibition+Images-Nine+Plus+Five+Works-+Preecha+Pattara--Nine+Plus+Five+Works+Exhibition+Images-+Preecha+Pattara+1.jpg
3.1 Nine Plus Five Works,https://irp.cdn-website.com/5516674f/dms3rep/multi/3.+Exhibitions-3.1+Nine+Plus+Five+Works-Exhibition+Images-Nine+Plus+Five+Works-+Preecha+Pattara--Nine+Plus+Five+Works+Exhibition+Images-+Preecha+Pattara+25.jpg
3.1 Nine Plus Five Works,https://irp.cdn-website.com/5516674f/dms3rep/multi/3.+Exhibitions-3.1+Nine+Plus+Five+Works-Exhibition+Images-Nine+Plus+Five+Works-+Preecha+Pattara--Nine+Plus+Five+Works+Exhibition+Images-+Preecha+Pattara+33.jpg
3.1 Nine Plus Five Works,https://irp.cdn-website.com/5516674f/dms3rep/multi/3.+Exhibitions-3.1+Nine+Plus+Five+Works--Michel+Auder.jpg
3.1 Nine Plus Five Works,https://irp.cdn-website.com/5516674f/dms3rep/multi/3.+Exhibitions-3.1+Nine+Plus+Five+Works-Exhibition+Images-Nine+Plus+Five+Works-+Preecha+Pattara--Nine+Plus+Five+Works+Exhibition+Images-+Preecha+Pattara+31.jpg
3.1 Nine Plus Five Works,https://irp.cdn-website.com/5516674f/dms3rep/multi/3.+Exhibitions-3.1+Nine+Plus+Five+Works-Exhibition+Images-Nine+Plus+Five+Works-+Samatcha+Apaisuwan--Nine+Plus+Five+Works+BTS-+Samatcha+Apaisuwan+3.jpg
3.1 Nine Plus Five Works,https://irp.cdn-website.com/5516674f/dms3rep/multi/3.+Exhibitions-3.1+Nine+Plus+Five+Works-Exhibition+Images-Nine+Plus+Five+Works-+Preecha+Pattara--Nine+Plus+Five+Works+Exhibition+Images-+Preecha+Pattara+7.jpg
3.1 Nine Plus Five Works,https://irp.cdn-website.com/5516674f/dms3rep/multi/3.+Exhibitions-3.1+Nine+Plus+Five+Works-Exhibition+Images-Nine+Plus+Five+Works-+Preecha+Pattara--Nine+Plus+Five+Works+Exhibition+Images-+Preecha+Pattara+3.jpg
3.1 Nine Plus Five Works,https://irp.cdn-website.com/5516674f/dms3rep/multi/3.+Exhibitions-3.1+Nine+Plus+Five+Works-Exhibition+Images-Nine+Plus+Five+Works-+Preecha+Pattara--Nine+Plus+Five+Works+Exhibition+Images-+Preecha+Pattara+2.jpg
3.1 Nine Plus Five Works,https://irp.cdn-website.com/5516674f/dms3rep/multi/3.+Exhibitions-3.1+Nine+Plus+Five+Works-Exhibition+Images-Nine+Plus+Five+Works-+Preecha+Pattara--Nine+Plus+Five+Works+Exhibition+Images-+Preecha+Pattara+5.jpg
3.1 Nine Plus Five Works,https://irp.cdn-website.com/5516674f/dms3rep/multi/3.+Exhibitions-3.1+Nine+Plus+Five+Works-Artwork+Images--Michel+Auder-+Alice+Neel+Painting+Margaret-+1978+ed.2009-+--+reel-to-reel+to+digital+video+4K-+black-white-+sound-+41+minutes+-+courtesy+of+the+artist.jpg
3.1 Nine Plus Five Works,https://irp.cdn-website.com/5516674f/dms3rep/multi/3.+Exhibitions-3.1+Nine+Plus+Five+Works-Exhibition+Images-Nine+Plus+Five+Works-+Preecha+Pattara--Nine+Plus+Five+Works+Exhibition+Images-+Preecha+Pattara+10.jpg
3.1 Nine Plus Five Works,https://irp.cdn-website.com/5516674f/dms3rep/multi/3.+Exhibitions-3.1+Nine+Plus+Five+Works-Exhibition+Images-Nine+Plus+Five+Works-+Preecha+Pattara--Nine+Plus+Five+Works+Exhibition+Images-+Preecha+Pattara+27.jpg
3.1 Nine Plus Five Works,https://irp.cdn-website.com/5516674f/dms3rep/multi/3.+Exhibitions-3.1+Nine+Plus+Five+Works-Exhibition+Images-Nine+Plus+Five+Works-+Preecha+Pattara--Nine+Plus+Five+Works+Exhibition+Images-+Preecha+Pattara+4.jpg
3.1 Nine Plus Five Works,https://irp.cdn-website.com/5516674f/dms3rep/multi/3.+Exhibitions-3.1+Nine+Plus+Five+Works-Exhibition+Images-Nine+Plus+Five+Works-+Preecha+Pattara--Nine+Plus+Five+Works+Exhibition+Images-+Preecha+Pattara+28.jpg
3.1 Nine Plus Five Works,https://irp.cdn-website.com/5516674f/dms3rep/multi/3.+Exhibitions-3.1+Nine+Plus+Five+Works-Exhibition+Images-Nine+Plus+Five+Works-+Samatcha+Apaisuwan--Nine+Plus+Five+Works+Opening-+Samatcha+Apaisuwan+11.jpg
3.1 Nine Plus Five Works,https://irp.cdn-website.com/5516674f/dms3rep/multi/3.+Exhibitions-3.1+Nine+Plus+Five+Works-Exhibition+Images-Nine+Plus+Five+Works-+Preecha+Pattara--Nine+Plus+Five+Works+Exhibition+Images-+Preecha+Pattara+22.jpg
3.1 Nine Plus Five Works,https://irp.cdn-website.com/5516674f/dms3rep/multi/3.+Exhibitions-3.1+Nine+Plus+Five+Works-Exhibition+Images-Nine+Plus+Five+Works-+Preecha+Pattara--Nine+Plus+Five+Works+Exhibition+Images-+Preecha+Pattara+30.jpg
3.1 Nine Plus Five Works,https://irp.cdn-website.com/5516674f/dms3rep/multi/3.+Exhibitions-3.1+Nine+Plus+Five+Works-Exhibition+Images-Nine+Plus+Five+Works-+Preecha+Pattara--Nine+Plus+Five+Works+Exhibition+Images-+Preecha+Pattara+6.jpg
3.1 Nine Plus Five Works,https://irp.cdn-website.com/5516674f/dms3rep/multi/3.+Exhibitions-3.1+Nine+Plus+Five+Works-Exhibition+Images-Nine+Plus+Five+Works-+Samatcha+Apaisuwan--Nine+Plus+Five+Works+BTS-+Samatcha+Apaisuwan+4.jpg
3.1 Nine Plus Five Works,https://irp.cdn-website.com/5516674f/dms3rep/multi/3.+Exhibitions-3.1+Nine+Plus+Five+Works-Exhibition+Images-Nine+Plus+Five+Works-+Samatcha+Apaisuwan--Nine+Plus+Five+Works+BTS-+Samatcha+Apaisuwan+5.jpg
3.1 Nine Plus Five Works,https://irp.cdn-website.com/5516674f/dms3rep/multi/3.+Exhibitions-3.1+Nine+Plus+Five+Works-Exhibition+Images-Nine+Plus+Five+Works-+Preecha+Pattara--Nine+Plus+Five+Works+Exhibition+Images-+Preecha+Pattara+16.jpg
3.1 Nine Plus Five Works,https://irp.cdn-website.com/5516674f/dms3rep/multi/3.+Exhibitions-3.1+Nine+Plus+Five+Works-Exhibition+Images-Nine+Plus+Five+Works-+Preecha+Pattara--Nine+Plus+Five+Works+Exhibition+Images-+Preecha+Pattara+14.jpg
3.1 Nine Plus Five Works,https://irp.cdn-website.com/5516674f/dms3rep/multi/3.+Exhibitions-3.1+Nine+Plus+Five+Works-Exhibition+Images-Nine+Plus+Five+Works-+Preecha+Pattara--Nine+Plus+Five+Works+Exhibition+Images-+Preecha+Pattara+12.jpg
3.1 Nine Plus Five Works,https://irp.cdn-website.com/5516674f/dms3rep/multi/3.+Exhibitions-3.1+Nine+Plus+Five+Works-Exhibition+Images-Nine+Plus+Five+Works-+Preecha+Pattara--Nine+Plus+Five+Works+Exhibition+Images-+Preecha+Pattara+11.jpg
3.1 Nine Plus Five Works,https://irp.cdn-website.com/5516674f/dms3rep/multi/3.+Exhibitions-3.1+Nine+Plus+Five+Works-Exhibition+Images-Nine+Plus+Five+Works-+Samatcha+Apaisuwan--Nine+Plus+Five+Works+Opening-+Samatcha+Apaisuwan+9.jpg
3.1 Nine Plus Five Works,https://irp.cdn-website.com/5516674f/dms3rep/multi/3.+Exhibitions-3.1+Nine+Plus+Five+Works-Exhibition+Images-Nine+Plus+Five+Works-+Preecha+Pattara--Nine+Plus+Five+Works+Exhibition+Images-+Preecha+Pattara+8.jpg
3.1 Nine Plus Five Works,https://irp.cdn-website.com/5516674f/dms3rep/multi/3.+Exhibitions-3.1+Nine+Plus+Five+Works-Exhibition+Images-Nine+Plus+Five+Works-+Preecha+Pattara--Nine+Plus+Five+Works+Exhibition+Images-+Preecha+Pattara+15.jpg
3.1 Nine Plus Five Works,https://irp.cdn-website.com/5516674f/dms3rep/multi/3.+Exhibitions-3.1+Nine+Plus+Five+Works-Exhibition+Images-Nine+Plus+Five+Works-+Preecha+Pattara--Nine+Plus+Five+Works+Exhibition+Images-+Preecha+Pattara+32.jpg
3.1 Nine Plus Five Works,https://irp.cdn-website.com/5516674f/dms3rep/multi/3.+Exhibitions-3.1+Nine+Plus+Five+Works-Exhibition+Images-Nine+Plus+Five+Works-+Preecha+Pattara--Nine+Plus+Five+Works+Exhibition+Images-+Preecha+Pattara+17.jpg
3.1 Nine Plus Five Works,https://irp.cdn-website.com/5516674f/dms3rep/multi/3.+Exhibitions-3.1+Nine+Plus+Five+Works-Exhibition+Images-Nine+Plus+Five+Works-+Preecha+Pattara--Nine+Plus+Five+Works+Exhibition+Images-+Preecha+Pattara+20.jpg
3.1 Nine Plus Five Works,https://irp.cdn-website.com/5516674f/dms3rep/multi/3.+Exhibitions-3.1+Nine+Plus+Five+Works-Exhibition+Images-Nine+Plus+Five+Works-+Preecha+Pattara--Nine+Plus+Five+Works+Exhibition+Images-+Preecha+Pattara+19.jpg
3.1 Nine Plus Five Works,https://irp.cdn-website.com/5516674f/dms3rep/multi/3.+Exhibitions-3.1+Nine+Plus+Five+Works-Exhibition+Images-Nine+Plus+Five+Works-+Preecha+Pattara--Nine+Plus+Five+Works+Exhibition+Images-+Preecha+Pattara+21.jpg
3.1 Nine Plus Five Works,https://irp.cdn-website.com/5516674f/dms3rep/multi/3.+Exhibitions-3.1+Nine+Plus+Five+Works-Exhibition+Images-Nine+Plus+Five+Works-+Preecha+Pattara--Nine+Plus+Five+Works+Exhibition+Images-+Preecha+Pattara+13.jpg
3.1 Nine Plus Five Works,https://irp.cdn-website.com/5516674f/dms3rep/multi/3.+Exhibitions-3.1+Nine+Plus+Five+Works-Exhibition+Images-Nine+Plus+Five+Works-+Preecha+Pattara--Nine+Plus+Five+Works+Exhibition+Images-+Preecha+Pattara+18.jpg
3.1 Nine Plus Five Works,https://irp.cdn-website.com/5516674f/dms3rep/multi/3.+Exhibitions-3.1+Nine+Plus+Five+Works-Exhibition+Images-Nine+Plus+Five+Works-+Preecha+Pattara--Nine+Plus+Five+Works+Exhibition+Images-+Preecha+Pattara+9.jpg
3.1 Nine Plus Five Works,https://irp.cdn-website.com/5516674f/dms3rep/multi/3.+Exhibitions-3.1+Nine+Plus+Five+Works-Exhibition+Images-Nine+Plus+Five+Works-+Samatcha+Apaisuwan--Nine+Plus+Five+Works+Opening-+Samatcha+Apaisuwan+10.jpg
3.1 Nine Plus Five Works,https://irp.cdn-website.com/5516674f/dms3rep/multi/3.+Exhibitions-3.1+Nine+Plus+Five+Works-Exhibition+Images-Nine+Plus+Five+Works-+Preecha+Pattara--Nine+Plus+Five+Works+Exhibition+Images-+Preecha+Pattara+23.jpg
3.1 Nine Plus Five Works,https://irp.cdn-website.com/5516674f/dms3rep/multi/3.+Exhibitions-3.1+Nine+Plus+Five+Works-Exhibition+Images-Nine+Plus+Five+Works-+Preecha+Pattara--Nine+Plus+Five+Works+Exhibition+Images-+Preecha+Pattara+29.jpg
3.2 nostalgia for unity,https://irp.cdn-website.com/5516674f/dms3rep/multi/3.+Exhibitions-3.2+nostalgia+for+unity-Exhibition+Images-nostalgia+for+unity-+Samatcha+Apaisuwan--nostalgia+for+unity-+Samatcha+Apaisuwan+4.jpg
3.2 nostalgia for unity,https://irp.cdn-website.com/5516674f/dms3rep/multi/3.+Exhibitions-3.2+nostalgia+for+unity-Exhibition+Images-From+Dust+to+Dust-+performance+by+Tosch+Basco-+Puttisin+Choojesroom--nostalgia+for+unity-+From+Dust+to+Dust+-+Performance+by+Tosch+Basco+10.jpg
3.2 nostalgia for unity,https://irp.cdn-website.com/5516674f/dms3rep/multi/3.+Exhibitions-3.2+nostalgia+for+unity-Exhibition+Images-nostalgia+for+unity-+performance+by+Korakrit+Arunanondchai--nostalgia+for+unity+-+Performance+by+Korakrit+3.jpg
3.2 nostalgia for unity,https://irp.cdn-website.com/5516674f/dms3rep/multi/3.+Exhibitions-3.2+nostalgia+for+unity-Exhibition+Images-From+Dust+to+Dust-+performance+by+Tosch+Basco-+Puttisin+Choojesroom--nostalgia+for+unity-+From+Dust+to+Dust+-+Performance+by+Tosch+Basco+4.jpg
3.2 nostalgia for unity,https://irp.cdn-website.com/5516674f/dms3rep/multi/3.+Exhibitions-3.2+nostalgia+for+unity-Exhibition+Images-nostalgia+for+unity-+performance+by+Korakrit+Arunanondchai--nostalgia+for+unity+-+Performance+by+Korakrit+5.jpg
3.2 nostalgia for unity,https://irp.cdn-website.com/5516674f/dms3rep/multi/3.+Exhibitions-3.2+nostalgia+for+unity-Exhibition+Images-From+Dust+to+Dust-+performance+by+Tosch+Basco-+Puttisin+Choojesroom--nostalgia+for+unity-+From+Dust+to+Dust+-+Performance+by+Tosch+Basco+7.jpg
3.2 nostalgia for unity,https://irp.cdn-website.com/5516674f/dms3rep/multi/3.+Exhibitions-3.2+nostalgia+for+unity-Exhibition+Images-From+Dust+to+Dust-+performance+by+Tosch+Basco-+Puttisin+Choojesroom--nostalgia+for+unity-+From+Dust+to+Dust+-+Performance+by+Tosch+Basco+5.jpg
3.2 nostalgia for unity,https://irp.cdn-website.com/5516674f/dms3rep/multi/3.+Exhibitions-3.2+nostalgia+for+unity-Exhibition+Images-From+Dust+to+Dust-+performance+by+Tosch+Basco-+Puttisin+Choojesroom--nostalgia+for+unity-+From+Dust+to+Dust+-+Performance+by+Tosch+Basco+12.jpg
3.2 nostalgia for unity,https://irp.cdn-website.com/5516674f/dms3rep/multi/3.+Exhibitions-3.2+nostalgia+for+unity-Exhibition+Images-From+Dust+to+Dust-+performance+by+Tosch+Basco-+Puttisin+Choojesroom--nostalgia+for+unity-+From+Dust+to+Dust+-+Performance+by+Tosch+Basco+6.jpg
3.2 nostalgia for unity,https://irp.cdn-website.com/5516674f/dms3rep/multi/3.+Exhibitions-3.2+nostalgia+for+unity-Exhibition+Images-From+Dust+to+Dust-+performance+by+Tosch+Basco-+Puttisin+Choojesroom--nostalgia+for+unity-+From+Dust+to+Dust+-+Performance+by+Tosch+Basco+9.jpg
3.2 nostalgia for unity,https://irp.cdn-website.com/5516674f/dms3rep/multi/3.+Exhibitions-3.2+nostalgia+for+unity-Exhibition+Images-nostalgia+for+unity-+performance+by+Korakrit+Arunanondchai--nostalgia+for+unity+-+Performance+by+Korakrit+1.jpg
3.2 nostalgia for unity,https://irp.cdn-website.com/5516674f/dms3rep/multi/3.+Exhibitions-3.2+nostalgia+for+unity-Exhibition+Images-From+Dust+to+Dust-+performance+by+Tosch+Basco-+Puttisin+Choojesroom--nostalgia+for+unity-+From+Dust+to+Dust+-+Performance+by+Tosch+Basco+11.jpg
3.2 nostalgia for unity,https://irp.cdn-website.com/5516674f/dms3rep/multi/3.+Exhibitions-3.2+nostalgia+for+unity-Exhibition+Images-nostalgia+for+unity-+performance+by+Korakrit+Arunanondchai--nostalgia+for+unity+-+Performance+by+Korakrit+4.jpg
3.2 nostalgia for unity,https://irp.cdn-website.com/5516674f/dms3rep/multi/3.+Exhibitions-3.2+nostalgia+for+unity-Exhibition+Images-nostalgia+for+unity-+performance+by+Korakrit+Arunanondchai--nostalgia+for+unity+-+Performance+by+Korakrit+2.jpg
3.2 nostalgia for unity,https://irp.cdn-website.com/5516674f/dms3rep/multi/3.+Exhibitions-3.2+nostalgia+for+unity-Exhibition+Images-From+Dust+to+Dust-+performance+by+Tosch+Basco-+Puttisin+Choojesroom--nostalgia+for+unity-+From+Dust+to+Dust+-+Performance+by+Tosch+Basco+2.jpg
3.2 nostalgia for unity,https://irp.cdn-website.com/5516674f/dms3rep/multi/3.+Exhibitions-3.2+nostalgia+for+unity-Exhibition+Images-nostalgia+for+unity-+Artit+Punyanutaruk--nostalgia+for+unity-+Artit+Punyanutaruk+8.jpg
3.2 nostalgia for unity,https://irp.cdn-website.com/5516674f/dms3rep/multi/3.+Exhibitions-3.2+nostalgia+for+unity-Exhibition+Images-nostalgia+for+unity-+performance+by+Korakrit+Arunanondchai--nostalgia+for+unity+-+Performance+by+Korakrit+6.jpg
3.2 nostalgia for unity,https://irp.cdn-website.com/5516674f/dms3rep/multi/3.+Exhibitions-3.2+nostalgia+for+unity-Exhibition+Images-nostalgia+for+unity-+Artit+Punyanutaruk--nostalgia+for+unity-+Artit+Punyanutaruk+34.jpg
3.2 nostalgia for unity,https://irp.cdn-website.com/5516674f/dms3rep/multi/3.+Exhibitions-3.2+nostalgia+for+unity-Exhibition+Images-nostalgia+for+unity-+Artit+Punyanutaruk--nostalgia+for+unity-+Artit+Punyanutaruk+6.jpg
3.2 nostalgia for unity,https://irp.cdn-website.com/5516674f/dms3rep/multi/3.+Exhibitions-3.2+nostalgia+for+unity-Exhibition+Images-From+Dust+to+Dust-+performance+by+Tosch+Basco-+Puttisin+Choojesroom--nostalgia+for+unity-+From+Dust+to+Dust+-+Performance+by+Tosch+Basco+1.jpg
3.2 nostalgia for unity,https://irp.cdn-website.com/5516674f/dms3rep/multi/3.+Exhibitions-3.2+nostalgia+for+unity-Exhibition+Images-nostalgia+for+unity-+Artit+Punyanutaruk--nostalgia+for+unity-+Artit+Punyanutaruk+10.jpg
3.2 nostalgia for unity,https://irp.cdn-website.com/5516674f/dms3rep/multi/3.+Exhibitions-3.2+nostalgia+for+unity-Exhibition+Images-nostalgia+for+unity-+Artit+Punyanutaruk--nostalgia+for+unity-+Artit+Punyanutaruk+14.jpg
3.2 nostalgia for unity,https://irp.cdn-website.com/5516674f/dms3rep/multi/3.+Exhibitions-3.2+nostalgia+for+unity-Exhibition+Images--A+Collective+Haunting.jpg
3.2 nostalgia for unity,https://irp.cdn-website.com/5516674f/dms3rep/multi/3.+Exhibitions-3.2+nostalgia+for+unity-Exhibition+Images-nostalgia+for+unity-+Artit+Punyanutaruk--nostalgia+for+unity-+Artit+Punyanutaruk+3.jpg
3.2 nostalgia for unity,https://irp.cdn-website.com/5516674f/dms3rep/multi/3.+Exhibitions-3.2+nostalgia+for+unity-Exhibition+Images-nostalgia+for+unity-+Artit+Punyanutaruk--nostalgia+for+unity-+Artit+Punyanutaruk+36.jpg
3.2 nostalgia for unity,https://irp.cdn-website.com/5516674f/dms3rep/multi/3.+Exhibitions-3.2+nostalgia+for+unity-Exhibition+Images-nostalgia+for+unity-+Samatcha+Apaisuwan--nostalgia+for+unity-+Samatcha+Apaisuwan+1.jpg
3.2 nostalgia for unity,https://irp.cdn-website.com/5516674f/dms3rep/multi/3.+Exhibitions-3.2+nostalgia+for+unity-Exhibition+Images-nostalgia+for+unity-+Samatcha+Apaisuwan--nostalgia+for+unity-+Samatcha+Apaisuwan+6.jpg
3.2 nostalgia for unity,https://irp.cdn-website.com/5516674f/dms3rep/multi/3.+Exhibitions-3.2+nostalgia+for+unity-Exhibition+Images-nostalgia+for+unity-+Artit+Punyanutaruk--nostalgia+for+unity-+Artit+Punyanutaruk+32.jpg
3.2 nostalgia for unity,https://irp.cdn-website.com/5516674f/dms3rep/multi/3.+Exhibitions-3.2+nostalgia+for+unity-Exhibition+Images-nostalgia+for+unity-+Artit+Punyanutaruk--nostalgia+for+unity-+Artit+Punyanutaruk+33.jpg
3.2 nostalgia for unity,https://irp.cdn-website.com/5516674f/dms3rep/multi/3.+Exhibitions-3.2+nostalgia+for+unity-Exhibition+Images-nostalgia+for+unity-+Artit+Punyanutaruk--nostalgia+for+unity-+Artit+Punyanutaruk+13.jpg
3.2 nostalgia for unity,https://irp.cdn-website.com/5516674f/dms3rep/multi/3.+Exhibitions-3.2+nostalgia+for+unity-Exhibition+Images-nostalgia+for+unity-+Artit+Punyanutaruk--nostalgia+for+unity-+Artit+Punyanutaruk+18.jpg
3.2 nostalgia for unity,https://irp.cdn-website.com/5516674f/dms3rep/multi/3.+Exhibitions-3.2+nostalgia+for+unity-Exhibition+Images-nostalgia+for+unity-+Artit+Punyanutaruk--nostalgia+for+unity-+Artit+Punyanutaruk+25.jpg
3.2 nostalgia for unity,https://irp.cdn-website.com/5516674f/dms3rep/multi/3.+Exhibitions-3.2+nostalgia+for+unity-Exhibition+Images-nostalgia+for+unity-+Artit+Punyanutaruk--nostalgia+for+unity-+Artit+Punyanutaruk+17.jpg
3.2 nostalgia for unity,https://irp.cdn-website.com/5516674f/dms3rep/multi/3.+Exhibitions-3.2+nostalgia+for+unity-Exhibition+Images-nostalgia+for+unity-+Artit+Punyanutaruk--nostalgia+for+unity-+Artit+Punyanutaruk+2.jpg
3.2 nostalgia for unity,https://irp.cdn-website.com/5516674f/dms3rep/multi/3.+Exhibitions-3.2+nostalgia+for+unity-Exhibition+Images-From+Dust+to+Dust-+performance+by+Tosch+Basco-+Puttisin+Choojesroom--nostalgia+for+unity-+From+Dust+to+Dust+-+Performance+by+Tosch+Basco+13.jpg
3.2 nostalgia for unity,https://irp.cdn-website.com/5516674f/dms3rep/multi/3.+Exhibitions-3.2+nostalgia+for+unity-Exhibition+Images-nostalgia+for+unity-+Artit+Punyanutaruk--nostalgia+for+unity-+Artit+Punyanutaruk+16.jpg
3.2 nostalgia for unity,https://irp.cdn-website.com/5516674f/dms3rep/multi/3.+Exhibitions-3.2+nostalgia+for+unity-Exhibition+Images-nostalgia+for+unity-+Artit+Punyanutaruk--nostalgia+for+unity-+Artit+Punyanutaruk+9.jpg
3.2 nostalgia for unity,https://irp.cdn-website.com/5516674f/dms3rep/multi/3.+Exhibitions-3.2+nostalgia+for+unity-Exhibition+Images-nostalgia+for+unity-+Artit+Punyanutaruk--nostalgia+for+unity-+Artit+Punyanutaruk+21.jpg
3.2 nostalgia for unity,https://irp.cdn-website.com/5516674f/dms3rep/multi/3.+Exhibitions-3.2+nostalgia+for+unity-Exhibition+Images-nostalgia+for+unity-+Artit+Punyanutaruk--nostalgia+for+unity-+Artit+Punyanutaruk+35.jpg
3.2 nostalgia for unity,https://irp.cdn-website.com/5516674f/dms3rep/multi/3.+Exhibitions-3.2+nostalgia+for+unity-Exhibition+Images-nostalgia+for+unity-+Samatcha+Apaisuwan--nostalgia+for+unity-+Samatcha+Apaisuwan+2.jpg
3.2 nostalgia for unity,https://irp.cdn-website.com/5516674f/dms3rep/multi/3.+Exhibitions-3.2+nostalgia+for+unity-Exhibition+Images-nostalgia+for+unity-+Artit+Punyanutaruk--nostalgia+for+unity-+Artit+Punyanutaruk+31.jpg
3.2 nostalgia for unity,https://irp.cdn-website.com/5516674f/dms3rep/multi/3.+Exhibitions-3.2+nostalgia+for+unity-Exhibition+Images-From+Dust+to+Dust-+performance+by+Tosch+Basco-+Puttisin+Choojesroom--nostalgia+for+unity-+From+Dust+to+Dust+-+Performance+by+Tosch+Basco+8.jpg
3.2 nostalgia for unity,https://irp.cdn-website.com/5516674f/dms3rep/multi/3.+Exhibitions-3.2+nostalgia+for+unity-Exhibition+Images-nostalgia+for+unity-+Samatcha+Apaisuwan--nostalgia+for+unity-+Samatcha+Apaisuwan+5.jpg
3.2 nostalgia for unity,https://irp.cdn-website.com/5516674f/dms3rep/multi/3.+Exhibitions-3.2+nostalgia+for+unity-Exhibition+Images-nostalgia+for+unity-+Artit+Punyanutaruk--nostalgia+for+unity-+Artit+Punyanutaruk+40.jpg
3.2 nostalgia for unity,https://irp.cdn-website.com/5516674f/dms3rep/multi/3.+Exhibitions-3.2+nostalgia+for+unity-Exhibition+Images-nostalgia+for+unity-+Artit+Punyanutaruk--nostalgia+for+unity-+Artit+Punyanutaruk+26.jpg
3.2 nostalgia for unity,https://irp.cdn-website.com/5516674f/dms3rep/multi/3.+Exhibitions-3.2+nostalgia+for+unity-Exhibition+Images-nostalgia+for+unity-+Artit+Punyanutaruk--nostalgia+for+unity-+Artit+Punyanutaruk+23.jpg
3.2 nostalgia for unity,https://irp.cdn-website.com/5516674f/dms3rep/multi/3.+Exhibitions-3.2+nostalgia+for+unity-Exhibition+Images-nostalgia+for+unity-+Artit+Punyanutaruk--nostalgia+for+unity-+Artit+Punyanutaruk+22.jpg
3.2 nostalgia for unity,https://irp.cdn-website.com/5516674f/dms3rep/multi/3.+Exhibitions-3.2+nostalgia+for+unity-Exhibition+Images-nostalgia+for+unity-+Artit+Punyanutaruk--nostalgia+for+unity-+Artit+Punyanutaruk+12.jpg
3.2 nostalgia for unity,https://irp.cdn-website.com/5516674f/dms3rep/multi/3.+Exhibitions-3.2+nostalgia+for+unity-Exhibition+Images-nostalgia+for+unity-+Artit+Punyanutaruk--nostalgia+for+unity-+Artit+Punyanutaruk+1.jpg
3.2 nostalgia for unity,https://irp.cdn-website.com/5516674f/dms3rep/multi/3.+Exhibitions-3.2+nostalgia+for+unity-Exhibition+Images-nostalgia+for+unity-+Artit+Punyanutaruk--nostalgia+for+unity-+Artit+Punyanutaruk+27.jpg
3.3 MEND PIECE,https://irp.cdn-website.com/5516674f/dms3rep/multi/3.+Exhibitions-3.3+MEND+PIECE-Exhibition+Photos-Mend+Piece-+courtesy+of+the+artist+and+Bangkok+Kunsthalle--Mend+Piece-+UNCREDIT+7.jpg
3.3 MEND PIECE,https://irp.cdn-website.com/5516674f/dms3rep/multi/3.+Exhibitions-3.3+MEND+PIECE-Exhibition+Photos-Mend+Piece-+courtesy+of+the+artist+and+Bangkok+Kunsthalle--Mend+Piece-+UNCREDIT+6.jpg
3.3 MEND PIECE,https://irp.cdn-website.com/5516674f/dms3rep/multi/3.+Exhibitions-3.3+MEND+PIECE-Exhibition+Photos-Mend+Piece-+courtesy+of+the+artist+and+Bangkok+Kunsthalle--Mend+Piece-+UNCREDIT+8.jpg
3.3 MEND PIECE,https://irp.cdn-website.com/5516674f/dms3rep/multi/3.+Exhibitions-3.3+MEND+PIECE-Exhibition+Photos-Mend+Piece-+courtesy+of+the+artist+and+Bangkok+Kunsthalle--Mend+Piece-+UNCREDIT+1.jpg
3.3 MEND PIECE,https://irp.cdn-website.com/5516674f/dms3rep/multi/3.+Exhibitions-3.3+MEND+PIECE-Exhibition+Photos-Mend+Piece-+courtesy+of+the+artist+and+Bangkok+Kunsthalle--Mend+Piece-+UNCREDIT+10.jpg
3.3 MEND PIECE,https://irp.cdn-website.com/5516674f/dms3rep/multi/3.+Exhibitions-3.3+MEND+PIECE-Exhibition+Photos-Mend+Piece-+courtesy+of+the+artist+and+Bangkok+Kunsthalle--Mend+Piece-+UNCREDIT+12.jpg
3.3 MEND PIECE,https://irp.cdn-website.com/5516674f/dms3rep/multi/3.+Exhibitions-3.3+MEND+PIECE-Exhibition+Photos-Mend+Piece-+courtesy+of+the+artist+and+Bangkok+Kunsthalle--Mend+Piece-+UNCREDIT+2.jpg
3.3 MEND PIECE,https://irp.cdn-website.com/5516674f/dms3rep/multi/3.+Exhibitions-3.3+MEND+PIECE-Exhibition+Photos-Mend+Piece-+courtesy+of+the+artist+and+Bangkok+Kunsthalle--Mend+Piece-+UNCREDIT+4.jpg
3.3 MEND PIECE,https://irp.cdn-website.com/5516674f/dms3rep/multi/3.+Exhibitions-3.3+MEND+PIECE-Exhibition+Photos-Mend+Piece-+courtesy+of+the+artist+and+Bangkok+Kunsthalle--Mend+Piece-+UNCREDIT+3.jpg
3.3 MEND PIECE,https://irp.cdn-website.com/5516674f/dms3rep/multi/3.+Exhibitions-3.3+MEND+PIECE-Exhibition+Photos-Mend+Piece-+courtesy+of+the+artist+and+Bangkok+Kunsthalle--Mend+Piece-+UNCREDIT+5.jpg
3.3 MEND PIECE,https://irp.cdn-website.com/5516674f/dms3rep/multi/3.+Exhibitions-3.3+MEND+PIECE-Exhibition+Photos-Mend+Piece-+courtesy+of+the+artist+and+Bangkok+Kunsthalle--Mend+Piece-+UNCREDIT+11.jpg
3.3 MEND PIECE,https://irp.cdn-website.com/5516674f/dms3rep/multi/3.+Exhibitions-3.3+MEND+PIECE-Exhibition+Photos-Mend+Piece-+courtesy+of+the+artist+and+Bangkok+Kunsthalle--Mend+Piece-+UNCREDIT+14.jpg
3.3 MEND PIECE,https://irp.cdn-website.com/5516674f/dms3rep/multi/3.+Exhibitions-3.3+MEND+PIECE-Exhibition+Photos-Mend+Piece-+courtesy+of+the+artist+and+Bangkok+Kunsthalle--Mend+Piece-+UNCREDIT+9.JPG
3.3 MEND PIECE,https://irp.cdn-website.com/5516674f/dms3rep/multi/3.+Exhibitions-3.3+MEND+PIECE-Exhibition+Photos-Mend+Piece-+courtesy+of+the+artist+and+Bangkok+Kunsthalle--Mend+Piece-+UNCREDIT+13.jpg
3.5 Like Nouns Slipping Into Verbs,https://irp.cdn-website.com/5516674f/dms3rep/multi/3.+Exhibitions-3.5+Like+Nouns+Slipping+Into+Verbs-Exhibition+Images-Like+Nouns+Slipping+Into+Verbs-+Krittawat+Atthsis--Like+Nouns+Slipping+Into+Verbs-+Krittawat+Atthsis+11.jpg
3.5 Like Nouns Slipping Into Verbs,https://irp.cdn-website.com/5516674f/dms3rep/multi/3.+Exhibitions-3.5+Like+Nouns+Slipping+Into+Verbs-Exhibition+Images-Like+Nouns+Slipping+Into+Verbs-+Krittawat+Atthsis--Like+Nouns+Slipping+Into+Verbs-+Krittawat+Atthsis+19.jpg
3.5 Like Nouns Slipping Into Verbs,https://irp.cdn-website.com/5516674f/dms3rep/multi/3.+Exhibitions-3.5+Like+Nouns+Slipping+Into+Verbs-Exhibition+Images-Like+Nouns+Slipping+Into+Verbs-+Krittawat+Atthsis--Like+Nouns+Slipping+Into+Verbs-+Krittawat+Atthsis+17.jpg
3.5 Like Nouns Slipping Into Verbs,https://irp.cdn-website.com/5516674f/dms3rep/multi/3.+Exhibitions-3.5+Like+Nouns+Slipping+Into+Verbs-Exhibition+Images-Like+Nouns+Slipping+Into+Verbs-+Krittawat+Atthsis--Like+Nouns+Slipping+Into+Verbs-+Krittawat+Atthsis+18.jpg
3.5 Like Nouns Slipping Into Verbs,https://irp.cdn-website.com/5516674f/dms3rep/multi/3.+Exhibitions-3.5+Like+Nouns+Slipping+Into+Verbs-Exhibition+Images-Like+Nouns+Slipping+Into+Verbs-+Krittawat+Atthsis--Like+Nouns+Slipping+Into+Verbs-+Krittawat+Atthsis+20.jpg
3.5 Like Nouns Slipping Into Verbs,https://irp.cdn-website.com/5516674f/dms3rep/multi/3.+Exhibitions-3.5+Like+Nouns+Slipping+Into+Verbs-Exhibition+Images-Like+Nouns+Slipping+Into+Verbs-+Krittawat+Atthsis--Like+Nouns+Slipping+Into+Verbs-+Krittawat+Atthsis+30.jpg
3.5 Like Nouns Slipping Into Verbs,https://irp.cdn-website.com/5516674f/dms3rep/multi/3.+Exhibitions-3.5+Like+Nouns+Slipping+Into+Verbs-Exhibition+Images-Like+Nouns+Slipping+Into+Verbs-+Krittawat+Atthsis--Like+Nouns+Slipping+Into+Verbs-+Krittawat+Atthsis+21.jpg
3.5 Like Nouns Slipping Into Verbs,https://irp.cdn-website.com/5516674f/dms3rep/multi/3.+Exhibitions-3.5+Like+Nouns+Slipping+Into+Verbs-Exhibition+Images-Like+Nouns+Slipping+Into+Verbs-+Krittawat+Atthsis--Like+Nouns+Slipping+Into+Verbs-+Krittawat+Atthsis+28.jpg
3.5 Like Nouns Slipping Into Verbs,https://irp.cdn-website.com/5516674f/dms3rep/multi/3.+Exhibitions-3.5+Like+Nouns+Slipping+Into+Verbs-Exhibition+Images-Like+Nouns+Slipping+Into+Verbs-+Krittawat+Atthsis--Like+Nouns+Slipping+Into+Verbs-+Krittawat+Atthsis+33.jpg
3.5 Like Nouns Slipping Into Verbs,https://irp.cdn-website.com/5516674f/dms3rep/multi/3.+Exhibitions-3.5+Like+Nouns+Slipping+Into+Verbs-Exhibition+Images-Like+Nouns+Slipping+Into+Verbs-+Krittawat+Atthsis--Like+Nouns+Slipping+Into+Verbs-+Krittawat+Atthsis+40.jpg
3.5 Like Nouns Slipping Into Verbs,https://irp.cdn-website.com/5516674f/dms3rep/multi/3.+Exhibitions-3.5+Like+Nouns+Slipping+Into+Verbs-Exhibition+Images-Like+Nouns+Slipping+Into+Verbs-+Krittawat+Atthsis--Like+Nouns+Slipping+Into+Verbs-+Krittawat+Atthsis+31.jpg
3.5 Like Nouns Slipping Into Verbs,https://irp.cdn-website.com/5516674f/dms3rep/multi/3.+Exhibitions-3.5+Like+Nouns+Slipping+Into+Verbs-Exhibition+Images-Like+Nouns+Slipping+Into+Verbs-+Krittawat+Atthsis--Like+Nouns+Slipping+Into+Verbs-+Krittawat+Atthsis+52.jpg
3.5 Like Nouns Slipping Into Verbs,https://irp.cdn-website.com/5516674f/dms3rep/multi/3.+Exhibitions-3.5+Like+Nouns+Slipping+Into+Verbs-Exhibition+Images-Like+Nouns+Slipping+Into+Verbs-+Krittawat+Atthsis--Like+Nouns+Slipping+Into+Verbs-+Krittawat+Atthsis+72.jpg
3.5 Like Nouns Slipping Into Verbs,https://irp.cdn-website.com/5516674f/dms3rep/multi/3.+Exhibitions-3.5+Like+Nouns+Slipping+Into+Verbs-Exhibition+Images-Like+Nouns+Slipping+Into+Verbs-+Krittawat+Atthsis--Like+Nouns+Slipping+Into+Verbs-+Krittawat+Atthsis+67.jpg
3.5 Like Nouns Slipping Into Verbs,https://irp.cdn-website.com/5516674f/dms3rep/multi/3.+Exhibitions-3.5+Like+Nouns+Slipping+Into+Verbs-Exhibition+Images-Like+Nouns+Slipping+Into+Verbs-+Krittawat+Atthsis--Like+Nouns+Slipping+Into+Verbs-+Krittawat+Atthsis+76.jpg
3.5 Like Nouns Slipping Into Verbs,https://irp.cdn-website.com/5516674f/dms3rep/multi/3.+Exhibitions-3.5+Like+Nouns+Slipping+Into+Verbs-Exhibition+Images-Like+Nouns+Slipping+Into+Verbs-+Krittawat+Atthsis--Like+Nouns+Slipping+Into+Verbs-+Krittawat+Atthsis+24.jpg
3.5 Like Nouns Slipping Into Verbs,https://irp.cdn-website.com/5516674f/dms3rep/multi/3.+Exhibitions-3.5+Like+Nouns+Slipping+Into+Verbs-Exhibition+Images-Like+Nouns+Slipping+Into+Verbs-+Krittawat+Atthsis--Like+Nouns+Slipping+Into+Verbs-+Krittawat+Atthsis+26.jpg
3.5 Like Nouns Slipping Into Verbs,https://irp.cdn-website.com/5516674f/dms3rep/multi/3.+Exhibitions-3.5+Like+Nouns+Slipping+Into+Verbs-Exhibition+Images-Like+Nouns+Slipping+Into+Verbs-+Krittawat+Atthsis--Like+Nouns+Slipping+Into+Verbs-+Krittawat+Atthsis+32.jpg
3.5 Like Nouns Slipping Into Verbs,https://irp.cdn-website.com/5516674f/dms3rep/multi/3.+Exhibitions-3.5+Like+Nouns+Slipping+Into+Verbs-Exhibition+Images-Like+Nouns+Slipping+Into+Verbs-+Krittawat+Atthsis--Like+Nouns+Slipping+Into+Verbs-+Krittawat+Atthsis+60.jpg
3.5 Like Nouns Slipping Into Verbs,https://irp.cdn-website.com/5516674f/dms3rep/multi/3.+Exhibitions-3.5+Like+Nouns+Slipping+Into+Verbs-Exhibition+Images-Like+Nouns+Slipping+Into+Verbs-+Krittawat+Atthsis--Like+Nouns+Slipping+Into+Verbs-+Krittawat+Atthsis+63.jpg
3.5 Like Nouns Slipping Into Verbs,https://irp.cdn-website.com/5516674f/dms3rep/multi/3.+Exhibitions-3.5+Like+Nouns+Slipping+Into+Verbs-Exhibition+Images-Like+Nouns+Slipping+Into+Verbs-+Krittawat+Atthsis--Like+Nouns+Slipping+Into+Verbs-+Krittawat+Atthsis+7.jpg
3.5 Like Nouns Slipping Into Verbs,https://irp.cdn-website.com/5516674f/dms3rep/multi/3.+Exhibitions-3.5+Like+Nouns+Slipping+Into+Verbs-Exhibition+Images-Like+Nouns+Slipping+Into+Verbs-+Krittawat+Atthsis--Like+Nouns+Slipping+Into+Verbs-+Krittawat+Atthsis+41.jpg
3.6 Calligraphic Abstraction,https://irp.cdn-website.com/5516674f/dms3rep/multi/3.+Exhibitions-3.6+Calligraphic+Abstraction-Artwork+Images--Tang+Chang-+Untitled-+1971-72-+chinese+ink+on+paper-+courtesy+of+the+artist+16.jpg
3.6 Calligraphic Abstraction,https://irp.cdn-website.com/5516674f/dms3rep/multi/3.+Exhibitions-3.6+Calligraphic+Abstraction-Artwork+Images--Tang+Chang-+Untitled-+1971-72-+chinese+ink+on+paper-+courtesy+of+the+artist+9.jpg
3.6 Calligraphic Abstraction,https://irp.cdn-website.com/5516674f/dms3rep/multi/3.+Exhibitions-3.6+Calligraphic+Abstraction-Artwork+Images--Tang+Chang-+Untitled-+1971-72-+chinese+ink+on+paper-+courtesy+of+the+artist+8.jpg
3.6 Calligraphic Abstraction,https://irp.cdn-website.com/5516674f/dms3rep/multi/3.+Exhibitions-3.6+Calligraphic+Abstraction-Artwork+Images--Tang+Chang-+Untitled-+1971-72-+chinese+ink+on+paper-+courtesy+of+the+artist+19.jpg
3.6 Calligraphic Abstraction,https://irp.cdn-website.com/5516674f/dms3rep/multi/3.+Exhibitions-3.6+Calligraphic+Abstraction-Artwork+Images--Tang+Chang-+Untitled-+1971-72-+chinese+ink+on+paper-+courtesy+of+the+artist+17.jpg
3.6 Calligraphic Abstraction,https://irp.cdn-website.com/5516674f/dms3rep/multi/3.+Exhibitions-3.6+Calligraphic+Abstraction-Artwork+Images--Tang+Chang-+Untitled-+1971-72-+chinese+ink+on+paper-+courtesy+of+the+artist+13.jpg
3.6 Calligraphic Abstraction,https://irp.cdn-website.com/5516674f/dms3rep/multi/3.+Exhibitions-3.6+Calligraphic+Abstraction-Artwork+Images--Tang+Chang-+Untitled-+1971-72-+chinese+ink+on+paper-+courtesy+of+the+artist+18.jpeg
3.6 Calligraphic Abstraction,https://irp.cdn-website.com/5516674f/dms3rep/multi/3.+Exhibitions-3.6+Calligraphic+Abstraction-Artwork+Images--Tang+Chang-+Untitled-+1971-72-+chinese+ink+on+paper-+courtesy+of+the+artist+10.jpg
3.6 Calligraphic Abstraction,https://irp.cdn-website.com/5516674f/dms3rep/multi/3.+Exhibitions-3.6+Calligraphic+Abstraction-Artwork+Images--Tang+Chang-+Untitled-+1971-72-+chinese+ink+on+paper-+courtesy+of+the+artist+11.jpg
3.6 Calligraphic Abstraction,https://irp.cdn-website.com/5516674f/dms3rep/multi/3.+Exhibitions-3.6+Calligraphic+Abstraction-Artwork+Images--Tang+Chang-+Untitled-+1971-72-+chinese+ink+on+paper-+courtesy+of+the+artist+14.jpg
3.6 Calligraphic Abstraction,https://irp.cdn-website.com/5516674f/dms3rep/multi/3.+Exhibitions-3.6+Calligraphic+Abstraction-Artwork+Images--Tang+Chang-+Untitled-+1971-72-+chinese+ink+on+paper-+courtesy+of+the+artist+5.jpg
3.6 Calligraphic Abstraction,https://irp.cdn-website.com/5516674f/dms3rep/multi/3.+Exhibitions-3.6+Calligraphic+Abstraction-Exhibition+Images-Calligraphic+Abstraction-+curator+tour-+Uncredit--Calligraphic+Abstraction-+curator+tour-+Uncredit+10.jpeg
3.6 Calligraphic Abstraction,https://irp.cdn-website.com/5516674f/dms3rep/multi/3.+Exhibitions-3.6+Calligraphic+Abstraction-Exhibition+Images-Calligraphic+Abstraction-+curator+tour-+Uncredit--Calligraphic+Abstraction-+curator+tour-+Uncredit+8.jpeg
3.6 Calligraphic Abstraction,https://irp.cdn-website.com/5516674f/dms3rep/multi/3.+Exhibitions-3.6+Calligraphic+Abstraction-Exhibition+Images-Calligraphic+Abstraction-+courtesy+of+the+artist+and+Bangkok+Kunsthalle--Calligraphic+Abstraction-+Uncredit+8.JPG
3.6 Calligraphic Abstraction,https://irp.cdn-website.com/5516674f/dms3rep/multi/3.+Exhibitions-3.6+Calligraphic+Abstraction-Exhibition+Images-Calligraphic+Abstraction-+curator+tour-+Uncredit--Calligraphic+Abstraction-+curator+tour-+Uncredit+1.jpeg
3.6 Calligraphic Abstraction,https://irp.cdn-website.com/5516674f/dms3rep/multi/3.+Exhibitions-3.6+Calligraphic+Abstraction-Exhibition+Images-Calligraphic+Abstraction-+courtesy+of+the+artist+and+Bangkok+Kunsthalle--Calligraphic+Abstraction-+Uncredit+12.JPG
3.6 Calligraphic Abstraction,https://irp.cdn-website.com/5516674f/dms3rep/multi/3.+Exhibitions-3.6+Calligraphic+Abstraction-Exhibition+Images-Calligraphic+Abstraction-+curator+tour-+Uncredit--Calligraphic+Abstraction-+curator+tour-+Uncredit+15.jpeg
3.6 Calligraphic Abstraction,https://irp.cdn-website.com/5516674f/dms3rep/multi/3.+Exhibitions-3.6+Calligraphic+Abstraction-Exhibition+Images-Calligraphic+Abstraction-+curator+tour-+Uncredit--Calligraphic+Abstraction-+curator+tour-+Uncredit+6.jpeg
3.6 Calligraphic Abstraction,https://irp.cdn-website.com/5516674f/dms3rep/multi/3.+Exhibitions-3.6+Calligraphic+Abstraction-Exhibition+Images-Calligraphic+Abstraction-+courtesy+of+the+artist+and+Bangkok+Kunsthalle--Calligraphic+Abstraction-+Uncredit+9.JPG
3.6 Calligraphic Abstraction,https://irp.cdn-website.com/5516674f/dms3rep/multi/3.+Exhibitions-3.6+Calligraphic+Abstraction-Exhibition+Images-Calligraphic+Abstraction-+courtesy+of+the+artist+and+Bangkok+Kunsthalle--Calligraphic+Abstraction-+Uncredit+1.JPG
3.6 Calligraphic Abstraction,https://irp.cdn-website.com/5516674f/dms3rep/multi/3.+Exhibitions-3.6+Calligraphic+Abstraction-Exhibition+Images-Calligraphic+Abstraction-+courtesy+of+the+artist+and+Bangkok+Kunsthalle--Calligraphic+Abstraction-+Uncredit+5.JPG
3.6 Calligraphic Abstraction,https://irp.cdn-website.com/5516674f/dms3rep/multi/3.+Exhibitions-3.6+Calligraphic+Abstraction-Exhibition+Images-Calligraphic+Abstraction-+curator+tour-+Uncredit--Calligraphic+Abstraction-+curator+tour-+Uncredit+13.jpeg
3.6 Calligraphic Abstraction,https://irp.cdn-website.com/5516674f/dms3rep/multi/3.+Exhibitions-3.6+Calligraphic+Abstraction-Exhibition+Images-Calligraphic+Abstraction-+Puttisin+Choojesroom--Calligraphic+Abstraction-+Puttisin+Choojesroom+66.jpg
3.6 Calligraphic Abstraction,https://irp.cdn-website.com/5516674f/dms3rep/multi/3.+Exhibitions-3.6+Calligraphic+Abstraction-Exhibition+Images-Calligraphic+Abstraction-+Puttisin+Choojesroom--Calligraphic+Abstraction-+Puttisin+Choojesroom+65.jpg
3.6 Calligraphic Abstraction,https://irp.cdn-website.com/5516674f/dms3rep/multi/3.+Exhibitions-3.6+Calligraphic+Abstraction-Exhibition+Images-Calligraphic+Abstraction-+Puttisin+Choojesroom--Calligraphic+Abstraction-+Puttisin+Choojesroom+4.jpg
3.6 Calligraphic Abstraction,https://irp.cdn-website.com/5516674f/dms3rep/multi/3.+Exhibitions-3.6+Calligraphic+Abstraction-Exhibition+Images-Calligraphic+Abstraction-+Puttisin+Choojesroom--Calligraphic+Abstraction-+Puttisin+Choojesroom+31.jpg
3.6 Calligraphic Abstraction,https://irp.cdn-website.com/5516674f/dms3rep/multi/3.+Exhibitions-3.6+Calligraphic+Abstraction-Exhibition+Images-Calligraphic+Abstraction-+Puttisin+Choojesroom--Calligraphic+Abstraction-+Puttisin+Choojesroom+58.jpg
3.6 Calligraphic Abstraction,https://irp.cdn-website.com/5516674f/dms3rep/multi/3.+Exhibitions-3.6+Calligraphic+Abstraction-Exhibition+Images-Calligraphic+Abstraction-+Puttisin+Choojesroom--Calligraphic+Abstraction-+Puttisin+Choojesroom+72.jpg
3.6 Calligraphic Abstraction,https://irp.cdn-website.com/5516674f/dms3rep/multi/3.+Exhibitions-3.6+Calligraphic+Abstraction-Exhibition+Images-Calligraphic+Abstraction-+Puttisin+Choojesroom--Calligraphic+Abstraction-+Puttisin+Choojesroom+73.jpg
3.6 Calligraphic Abstraction,https://irp.cdn-website.com/5516674f/dms3rep/multi/3.+Exhibitions-3.6+Calligraphic+Abstraction-Exhibition+Images-Calligraphic+Abstraction-+Puttisin+Choojesroom--Calligraphic+Abstraction-+Puttisin+Choojesroom+76.jpg
3.6 Calligraphic Abstraction,https://irp.cdn-website.com/5516674f/dms3rep/multi/3.+Exhibitions-3.6+Calligraphic+Abstraction-Exhibition+Images-Calligraphic+Abstraction-+Puttisin+Choojesroom--Calligraphic+Abstraction-+Puttisin+Choojesroom+70.jpg
3.6 Calligraphic Abstraction,https://irp.cdn-website.com/5516674f/dms3rep/multi/3.+Exhibitions-3.6+Calligraphic+Abstraction-Exhibition+Images-Calligraphic+Abstraction-+Puttisin+Choojesroom--Calligraphic+Abstraction-+Puttisin+Choojesroom+74.jpg
3.7 Painting as Event,https://irp.cdn-website.com/5516674f/dms3rep/multi/3.+Exhibitions-3.7+Painting+as+Event-Exhibition+Images-Painting+as+Event-+Puttisin+Choojesroom-Xie+Fan-+Dining+Experience-+Puttisin+Choojesroom--Xie+Fan-+Dining+Experience+Puttisin+17.JPG
3.7 Painting as Event,https://irp.cdn-website.com/5516674f/dms3rep/multi/3.+Exhibitions-3.7+Painting+as+Event-Exhibition+Images-Painting+as+Event-+Puttisin+Choojesroom-Xie+Fan-+Dining+Experience-+Puttisin+Choojesroom--Xie+Fan-+Dining+Experience+Puttisin+19.jpg
3.7 Painting as Event,https://irp.cdn-website.com/5516674f/dms3rep/multi/3.+Exhibitions-3.7+Painting+as+Event-Exhibition+Images-Painting+as+Event-+Puttisin+Choojesroom-Xie+Fan-+Dining+Experience-+Puttisin+Choojesroom--Xie+Fan-+Dining+Experience+Puttisin+23.jpg
3.7 Painting as Event,https://irp.cdn-website.com/5516674f/dms3rep/multi/3.+Exhibitions-3.7+Painting+as+Event-Exhibition+Images-Painting+as+Event-+Puttisin+Choojesroom-Xie+Fan-+Dining+Experience-+Puttisin+Choojesroom--Xie+Fan-+Dining+Experience+Puttisin+16.jpg
3.7 Painting as Event,https://irp.cdn-website.com/5516674f/dms3rep/multi/3.+Exhibitions-3.7+Painting+as+Event-Exhibition+Images-Painting+as+Event-+Puttisin+Choojesroom-Xie+Fan-+Dining+Experience-+Puttisin+Choojesroom--Xie+Fan-+Dining+Experience+Puttisin+20.jpg
3.7 Painting as Event,https://irp.cdn-website.com/5516674f/dms3rep/multi/3.+Exhibitions-3.7+Painting+as+Event-Exhibition+Images-Painting+as+Event-+Puttisin+Choojesroom-Xie+Fan-+Dining+Experience-+Puttisin+Choojesroom--Xie+Fan-+Dining+Experience+Puttisin+21.JPG
3.7 Painting as Event,https://irp.cdn-website.com/5516674f/dms3rep/multi/3.+Exhibitions-3.7+Painting+as+Event-Exhibition+Images-Painting+as+Event-+Puttisin+Choojesroom-Xie+Fan-+Dining+Experience-+Puttisin+Choojesroom--Xie+Fan-+Dining+Experience+Puttisin+18.jpg
3.7 Painting as Event,https://irp.cdn-website.com/5516674f/dms3rep/multi/3.+Exhibitions-3.7+Painting+as+Event-Exhibition+Images-Painting+as+Event-+Puttisin+Choojesroom-Xie+Fan-+Dining+Experience-+Puttisin+Choojesroom--Xie+Fan-+Dining+Experience+Puttisin+22.jpg
3.8 Poetics of Horizontality,https://irp.cdn-website.com/5516674f/dms3rep/multi/3.+Exhibitions-3.8+Poetics+of+Horizontality-Exhibition+Images-Poetics+of+Horizontality-+closing+event-+Krittawat+Atthsis--Poetics+of+Horizontality-+closing+event-+Krittawat+Atthsis+7.jpg
3.8 Poetics of Horizontality,https://irp.cdn-website.com/5516674f/dms3rep/multi/3.+Exhibitions-3.8+Poetics+of+Horizontality-Exhibition+Images-Poetics+of+Horizontality-+closing+event-+Krittawat+Atthsis--Poetics+of+Horizontality-+closing+event-+Krittawat+Atthsis+18.jpg
3.8 Poetics of Horizontality,https://irp.cdn-website.com/5516674f/dms3rep/multi/3.+Exhibitions-3.8+Poetics+of+Horizontality-Exhibition+Images-Poetics+of+Horizontality-+closing+event-+Krittawat+Atthsis--Poetics+of+Horizontality-+closing+event-+Krittawat+Atthsis+16.jpg
3.8 Poetics of Horizontality,https://irp.cdn-website.com/5516674f/dms3rep/multi/3.+Exhibitions-3.8+Poetics+of+Horizontality-Exhibition+Images-Poetics+of+Horizontality-+closing+event-+Krittawat+Atthsis--Poetics+of+Horizontality-+closing+event-+Krittawat+Atthsis+1.jpg
3.8 Poetics of Horizontality,https://irp.cdn-website.com/5516674f/dms3rep/multi/3.+Exhibitions-3.8+Poetics+of+Horizontality-Exhibition+Images-Poetics+of+Horizontality-+closing+event-+Krittawat+Atthsis--Poetics+of+Horizontality-+closing+event-+Krittawat+Atthsis+17.jpg
3.8 Poetics of Horizontality,https://irp.cdn-website.com/5516674f/dms3rep/multi/3.+Exhibitions-3.8+Poetics+of+Horizontality-Exhibition+Images-Poetics+of+Horizontality-+closing+event-+Krittawat+Atthsis--Poetics+of+Horizontality-+closing+event-+Krittawat+Atthsis+14.jpg
3.8 Poetics of Horizontality,https://irp.cdn-website.com/5516674f/dms3rep/multi/3.+Exhibitions-3.8+Poetics+of+Horizontality-Exhibition+Images-Poetics+of+Horizontality-+closing+event-+Krittawat+Atthsis--Poetics+of+Horizontality-+closing+event-+Krittawat+Atthsis+13.jpg
3.8 Poetics of Horizontality,https://irp.cdn-website.com/5516674f/dms3rep/multi/3.+Exhibitions-3.8+Poetics+of+Horizontality-Exhibition+Images-Poetics+of+Horizontality-+closing+event-+Krittawat+Atthsis--Poetics+of+Horizontality-+closing+event-+Krittawat+Atthsis+2.jpg
3.8 Poetics of Horizontality,https://irp.cdn-website.com/5516674f/dms3rep/multi/3.+Exhibitions-3.8+Poetics+of+Horizontality-Exhibition+Images-Poetics+of+Horizontality-+closing+event-+Krittawat+Atthsis--Poetics+of+Horizontality-+closing+event-+Krittawat+Atthsis+11.jpg
3.8 Poetics of Horizontality,https://irp.cdn-website.com/5516674f/dms3rep/multi/3.+Exhibitions-3.8+Poetics+of+Horizontality-Exhibition+Images-Poetics+of+Horizontality-+closing+event-+Krittawat+Atthsis--Poetics+of+Horizontality-+closing+event-+Krittawat+Atthsis+20.jpg
3.8 Poetics of Horizontality,https://irp.cdn-website.com/5516674f/dms3rep/multi/3.+Exhibitions-3.8+Poetics+of+Horizontality-Exhibition+Images-Poetics+of+Horizontality-+closing+event-+Krittawat+Atthsis--Poetics+of+Horizontality-+closing+event-+Krittawat+Atthsis+8.jpg
3.8 Poetics of Horizontality,https://irp.cdn-website.com/5516674f/dms3rep/multi/3.+Exhibitions-3.8+Poetics+of+Horizontality-Exhibition+Images-Poetics+of+Horizontality-+Krittapas+Lersvananont--Poetics+of+Horizontality-+Krittapas+Lersvananont+5.jpg
3.8 Poetics of Horizontality,https://irp.cdn-website.com/5516674f/dms3rep/multi/3.+Exhibitions-3.8+Poetics+of+Horizontality-Exhibition+Images-Poetics+of+Horizontality-+closing+event-+Krittawat+Atthsis--Poetics+of+Horizontality-+closing+event-+Krittawat+Atthsis+5.jpg
3.8 Poetics of Horizontality,https://irp.cdn-website.com/5516674f/dms3rep/multi/3.+Exhibitions-3.8+Poetics+of+Horizontality-Exhibition+Images-Poetics+of+Horizontality-+Puttisin+Choojesroom--Poetics+of+Horizontality-+Puttisin+Choojesroom+37.jpg
3.8 Poetics of Horizontality,https://irp.cdn-website.com/5516674f/dms3rep/multi/3.+Exhibitions-3.8+Poetics+of+Horizontality-Exhibition+Images-Poetics+of+Horizontality-+Puttisin+Choojesroom--Poetics+of+Horizontality-+Puttisin+Choojesroom+38.jpg
3.8 Poetics of Horizontality,https://irp.cdn-website.com/5516674f/dms3rep/multi/3.+Exhibitions-3.8+Poetics+of+Horizontality-Exhibition+Images-Poetics+of+Horizontality-+courtesy+of+Bangkok+Kunsthalle--Poetics+of+Horizontality-+courtesy+of+Bangkok+Kunsthalle+1.JPG
3.8 Poetics of Horizontality,https://irp.cdn-website.com/5516674f/dms3rep/multi/3.+Exhibitions-3.8+Poetics+of+Horizontality-Exhibition+Images-Poetics+of+Horizontality-+Puttisin+Choojesroom--Poetics+of+Horizontality-+Puttisin+Choojesroom+15.jpg
3.8 Poetics of Horizontality,https://irp.cdn-website.com/5516674f/dms3rep/multi/3.+Exhibitions-3.8+Poetics+of+Horizontality-Exhibition+Images-Poetics+of+Horizontality-+Puttisin+Choojesroom--Poetics+of+Horizontality-+Puttisin+Choojesroom+44.jpg
3.8 Poetics of Horizontality,https://irp.cdn-website.com/5516674f/dms3rep/multi/3.+Exhibitions-3.8+Poetics+of+Horizontality-Exhibition+Images-Poetics+of+Horizontality-+Puttisin+Choojesroom--Poetics+of+Horizontality-+Puttisin+Choojesroom+5.jpg
3.8 Poetics of Horizontality,https://irp.cdn-website.com/5516674f/dms3rep/multi/3.+Exhibitions-3.8+Poetics+of+Horizontality-Exhibition+Images-Poetics+of+Horizontality-+Krittapas+Lersvananont--Poetics+of+Horizontality-+Krittapas+Lersvananont+6.jpg
3.8 Poetics of Horizontality,https://irp.cdn-website.com/5516674f/dms3rep/multi/3.+Exhibitions-3.8+Poetics+of+Horizontality-Exhibition+Images-Poetics+of+Horizontality-+Krittapas+Lersvananont--Poetics+of+Horizontality-+Krittapas+Lersvananont+10.jpg
3.8 Poetics of Horizontality,https://irp.cdn-website.com/5516674f/dms3rep/multi/3.+Exhibitions-3.8+Poetics+of+Horizontality-Exhibition+Images-Poetics+of+Horizontality-+Puttisin+Choojesroom--Poetics+of+Horizontality-+Puttisin+Choojesroom+46.jpg
3.8 Poetics of Horizontality,https://irp.cdn-website.com/5516674f/dms3rep/multi/3.+Exhibitions-3.8+Poetics+of+Horizontality-Exhibition+Images-Poetics+of+Horizontality-+courtesy+of+Bangkok+Kunsthalle--Poetics+of+Horizontality-+courtesy+of+Bangkok+Kunsthalle+8.JPG
3.8 Poetics of Horizontality,https://irp.cdn-website.com/5516674f/dms3rep/multi/3.+Exhibitions-3.8+Poetics+of+Horizontality-Exhibition+Images-Poetics+of+Horizontality-+Puttisin+Choojesroom--Poetics+of+Horizontality-+Puttisin+Choojesroom+48.jpg
3.8 Poetics of Horizontality,https://irp.cdn-website.com/5516674f/dms3rep/multi/3.+Exhibitions-3.8+Poetics+of+Horizontality-Exhibition+Images-Poetics+of+Horizontality-+Puttisin+Choojesroom--Poetics+of+Horizontality-+Puttisin+Choojesroom+45.jpg
3.8 Poetics of Horizontality,https://irp.cdn-website.com/5516674f/dms3rep/multi/3.+Exhibitions-3.8+Poetics+of+Horizontality-Exhibition+Images-Poetics+of+Horizontality-+courtesy+of+Bangkok+Kunsthalle--Poetics+of+Horizontality-+courtesy+of+Bangkok+Kunsthalle+7.JPG
3.8 Poetics of Horizontality,https://irp.cdn-website.com/5516674f/dms3rep/multi/3.+Exhibitions-3.8+Poetics+of+Horizontality-Exhibition+Images-Poetics+of+Horizontality-+Puttisin+Choojesroom--Poetics+of+Horizontality-+Puttisin+Choojesroom+4.jpg
3.9 This page is intentionally left ____.,https://irp.cdn-website.com/5516674f/dms3rep/multi/3.+Exhibitions-3.9+This+page+is+intentionally+left+_____.-Artwork+Images-Artwork+Images-+Puttisin+Choojesroom-Anusorn+Thanyapalit-+Puttisin+Choojesroom--Anusorn+Thanyapalit-+Puttisin+Choojesroom+1.JPG
3.9 This page is intentionally left ____.,https://irp.cdn-website.com/5516674f/dms3rep/multi/3.+Exhibitions-3.9+This+page+is+intentionally+left+_____.-Artwork+Images-Artwork+Images-+Samatcha+Apaisuwan-Theetat+Thunkijjanukij-+Samatcha+Apaisuwan--Theetat+Thunkijjanukij-+Samatcha+Apaisuwan+1.jpg
3.9 This page is intentionally left ____.,https://irp.cdn-website.com/5516674f/dms3rep/multi/3.+Exhibitions-3.9+This+page+is+intentionally+left+_____.-Artwork+Images-Artwork+Images-+Samatcha+Apaisuwan-Anusorn+Thanyapalit-+Samatcha+Apaisuwan--Anusorn+Thanyapalit-+Samatcha+Apaisuwan+8.jpg
3.9 This page is intentionally left ____.,https://irp.cdn-website.com/5516674f/dms3rep/multi/3.+Exhibitions-3.9+This+page+is+intentionally+left+_____.-Artwork+Images-Artwork+Images-+Samatcha+Apaisuwan-Krack%21+Printmaking+-+Yoonglai-+Samatcha+Apaisuwan--Krack%21+Printmaking+-+Yoonglai-+Samatcha+Apaisuwan+1.jpg
3.9 This page is intentionally left ____.,https://irp.cdn-website.com/5516674f/dms3rep/multi/3.+Exhibitions-3.9+This+page+is+intentionally+left+_____.-Artwork+Images-Artwork+Images-+Samatcha+Apaisuwan-Nat+Setthana-+Samatcha+Apaisuwan--Nat+Setthana-+Samatcha+Apaisuwan+6.jpg
3.9 This page is intentionally left ____.,https://irp.cdn-website.com/5516674f/dms3rep/multi/3.+Exhibitions-3.9+This+page+is+intentionally+left+_____.-Artwork+Images-Artwork+Images-+Samatcha+Apaisuwan-Anusorn+Thanyapalit-+Samatcha+Apaisuwan--Anusorn+Thanyapalit-+Samatcha+Apaisuwan+22.jpg
3.9 This page is intentionally left ____.,https://irp.cdn-website.com/5516674f/dms3rep/multi/3.+Exhibitions-3.9+This+page+is+intentionally+left+_____.-Artwork+Images-Artwork+Images-+Samatcha+Apaisuwan-Anusorn+Thanyapalit-+Samatcha+Apaisuwan--Anusorn+Thanyapalit-+Samatcha+Apaisuwan+16.jpg
3.9 This page is intentionally left ____.,https://irp.cdn-website.com/5516674f/dms3rep/multi/3.+Exhibitions-3.9+This+page+is+intentionally+left+_____.-Artwork+Images-Artwork+Images-+Samatcha+Apaisuwan-Anusorn+Thanyapalit-+Samatcha+Apaisuwan--Anusorn+Thanyapalit-+Samatcha+Apaisuwan+6.jpg
3.9 This page is intentionally left ____.,https://irp.cdn-website.com/5516674f/dms3rep/multi/3.+Exhibitions-3.9+This+page+is+intentionally+left+_____.-Exhibition+Images-This+Page+is+Intentionally+Left+_____.-+Puttisin+Choojesroom--This+Page+is+Intentionally+Left+_____.-+Puttisin+Choojesroom+45.jpg
3.9 This page is intentionally left ____.,https://irp.cdn-website.com/5516674f/dms3rep/multi/3.+Exhibitions-3.9+This+page+is+intentionally+left+_____.-Exhibition+Images-This+Page+is+Intentionally+Left+_____.-+Puttisin+Choojesroom--This+Page+is+Intentionally+Left+_____.-+Puttisin+Choojesroom+6.jpg
3.9 This page is intentionally left ____.,https://irp.cdn-website.com/5516674f/dms3rep/multi/3.+Exhibitions-3.9+This+page+is+intentionally+left+_____.-Exhibition+Images-This+Page+is+Intentionally+Left+_____.-+Puttisin+Choojesroom--This+Page+is+Intentionally+Left+_____.-+Puttisin+Choojesroom+28.jpg
3.9 This page is intentionally left ____.,https://irp.cdn-website.com/5516674f/dms3rep/multi/3.+Exhibitions-3.9+This+page+is+intentionally+left+_____.-Exhibition+Images-This+Page+is+Intentionally+Left+_____.-+Puttisin+Choojesroom--This+Page+is+Intentionally+Left+_____.-+Puttisin+Choojesroom+23.jpg
3.9 This page is intentionally left ____.,https://irp.cdn-website.com/5516674f/dms3rep/multi/3.+Exhibitions-3.9+This+page+is+intentionally+left+_____.-Exhibition+Images-This+Page+is+Intentionally+Left+_____.-+Puttisin+Choojesroom--This+Page+is+Intentionally+Left+_____.-+Puttisin+Choojesroom+19.jpg
3.9 This page is intentionally left ____.,https://irp.cdn-website.com/5516674f/dms3rep/multi/3.+Exhibitions-3.9+This+page+is+intentionally+left+_____.-Artwork+Images-Artwork+Images-+Puttisin+Choojesroom-Theetat+Thunkijjanukij-+Puttisin+Choojesroom--Theetat+Thunkijjanukij-+Puttisin+Choojesroom+7.jpg
3.9 This page is intentionally left ____.,https://irp.cdn-website.com/5516674f/dms3rep/multi/3.+Exhibitions-3.9+This+page+is+intentionally+left+_____.-Artwork+Images-Artwork+Images-+Puttisin+Choojesroom-Theetat+Thunkijjanukij-+Puttisin+Choojesroom--Theetat+Thunkijjanukij-+Puttisin+Choojesroom+6.jpg
3.9 This page is intentionally left ____.,https://irp.cdn-website.com/5516674f/dms3rep/multi/3.+Exhibitions-3.9+This+page+is+intentionally+left+_____.-Exhibition+Images-This+Page+is+Intentionally+Left+_____.-+Puttisin+Choojesroom--This+Page+is+Intentionally+Left+_____.-+Puttisin+Choojesroom+11.jpg
3.9 This page is intentionally left ____.,https://irp.cdn-website.com/5516674f/dms3rep/multi/3.+Exhibitions-3.9+This+page+is+intentionally+left+_____.-Artwork+Images-Artwork+Images-+Puttisin+Choojesroom-Theetat+Thunkijjanukij-+Puttisin+Choojesroom--Theetat+Thunkijjanukij-+Puttisin+Choojesroom+4.jpg
3.9 This page is intentionally left ____.,https://irp.cdn-website.com/5516674f/dms3rep/multi/3.+Exhibitions-3.9+This+page+is+intentionally+left+_____.-Artwork+Images-Artwork+Images-+Puttisin+Choojesroom-Anusorn+Thanyapalit-+Puttisin+Choojesroom--Anusorn+Thanyapalit-+Puttisin+Choojesroom+10.jpg
3.9 This page is intentionally left ____.,https://irp.cdn-website.com/5516674f/dms3rep/multi/3.+Exhibitions-3.9+This+page+is+intentionally+left+_____.-Artwork+Images-Artwork+Images-+Puttisin+Choojesroom-Nat+Setthana-+Puttisin+Choojesroom--Nat+Setthana-+Puttisin+Choojesroom+5.jpg
3.9 This page is intentionally left ____.,https://irp.cdn-website.com/5516674f/dms3rep/multi/3.+Exhibitions-3.9+This+page+is+intentionally+left+_____.-Artwork+Images-Artwork+Images-+Puttisin+Choojesroom-Krack%21+Printmaking+-+Yoonglai-+Puttisin+Choojesroom--Krack%21+Printmaking+-+Yoonglai-+Puttisin+Choojesroom+9.jpg
3.9 This page is intentionally left ____.,https://irp.cdn-website.com/5516674f/dms3rep/multi/3.+Exhibitions-3.9+This+page+is+intentionally+left+_____.-Artwork+Images-Artwork+Images-+Puttisin+Choojesroom-Anusorn+Thanyapalit-+Puttisin+Choojesroom--Anusorn+Thanyapalit-+Puttisin+Choojesroom+21.jpg
3.9 This page is intentionally left ____.,https://irp.cdn-website.com/5516674f/dms3rep/multi/3.+Exhibitions-3.9+This+page+is+intentionally+left+_____.-Artwork+Images-Artwork+Images-+Puttisin+Choojesroom-Krack%21+Printmaking+-+Yoonglai-+Puttisin+Choojesroom--Krack%21+Printmaking+-+Yoonglai-+Puttisin+Choojesroom+7.jpg
3.9 This page is intentionally left ____.,https://irp.cdn-website.com/5516674f/dms3rep/multi/3.+Exhibitions-3.9+This+page+is+intentionally+left+_____.-Artwork+Images-Artwork+Images-+Puttisin+Choojesroom-Krack%21+Printmaking+-+Yoonglai-+Puttisin+Choojesroom--Krack%21+Printmaking+-+Yoonglai-+Puttisin+Choojesroom+1.jpg
3.9 This page is intentionally left ____.,https://irp.cdn-website.com/5516674f/dms3rep/multi/3.+Exhibitions-3.9+This+page+is+intentionally+left+_____.-Artwork+Images-Artwork+Images-+Puttisin+Choojesroom-Anusorn+Thanyapalit-+Puttisin+Choojesroom--Anusorn+Thanyapalit-+Puttisin+Choojesroom+27.jpg
3.9 This page is intentionally left ____.,https://irp.cdn-website.com/5516674f/dms3rep/multi/3.+Exhibitions-3.9+This+page+is+intentionally+left+_____.-Artwork+Images-Artwork+Images-+Puttisin+Choojesroom-Anusorn+Thanyapalit-+Puttisin+Choojesroom--Anusorn+Thanyapalit-+Puttisin+Choojesroom+23.jpg
3.10 Mitta del Santi,https://irp.cdn-website.com/5516674f/dms3rep/multi/3.+Exhibitions-3.10+Mitta+del+Santi-Exhibition+Images-Mitta+in+Practice-+Prapasiri+Kasemkijkajorn--Mitta+in+Practice-+Prapasiri+Kasemkijkajorn+10.jpg
3.10 Mitta del Santi,https://irp.cdn-website.com/5516674f/dms3rep/multi/3.+Exhibitions-3.10+Mitta+del+Santi-Exhibition+Images-Mitta+in+Practice-+Prapasiri+Kasemkijkajorn--Mitta+in+Practice-+Prapasiri+Kasemkijkajorn+11.jpg
3.10 Mitta del Santi,https://irp.cdn-website.com/5516674f/dms3rep/multi/3.+Exhibitions-3.10+Mitta+del+Santi-Exhibition+Images-Mitta+in+Practice-+Prapasiri+Kasemkijkajorn--Mitta+in+Practice-+Prapasiri+Kasemkijkajorn+12.jpg
3.10 Mitta del Santi,https://irp.cdn-website.com/5516674f/dms3rep/multi/3.+Exhibitions-3.10+Mitta+del+Santi-Exhibition+Images-Mitta+in+Practice-+Prapasiri+Kasemkijkajorn--Mitta+in+Practice-+Prapasiri+Kasemkijkajorn+2.jpg
3.10 Mitta del Santi,https://irp.cdn-website.com/5516674f/dms3rep/multi/3.+Exhibitions-3.10+Mitta+del+Santi-Exhibition+Images-Mitta+in+Practice-+Prapasiri+Kasemkijkajorn--Mitta+in+Practice-+Prapasiri+Kasemkijkajorn+9.jpg
3.10 Mitta del Santi,https://irp.cdn-website.com/5516674f/dms3rep/multi/3.+Exhibitions-3.10+Mitta+del+Santi-Exhibition+Images-Mitta+in+Practice-+Prapasiri+Kasemkijkajorn--Mitta+in+Practice-+Prapasiri+Kasemkijkajorn+3.jpg
3.10 Mitta del Santi,https://irp.cdn-website.com/5516674f/dms3rep/multi/3.+Exhibitions-3.10+Mitta+del+Santi-Exhibition+Images-Mitta+in+Practice-+Prapasiri+Kasemkijkajorn--Mitta+in+Practice-+Prapasiri+Kasemkijkajorn+7.jpg
3.10 Mitta del Santi,https://irp.cdn-website.com/5516674f/dms3rep/multi/3.+Exhibitions-3.10+Mitta+del+Santi-Exhibition+Images-Mitta+in+Practice-+Prapasiri+Kasemkijkajorn--Mitta+in+Practice-+Prapasiri+Kasemkijkajorn+4.jpg
3.10 Mitta del Santi,https://irp.cdn-website.com/5516674f/dms3rep/multi/3.+Exhibitions-3.10+Mitta+del+Santi-Exhibition+Images-Mitta+in+Practice-+Prapasiri+Kasemkijkajorn--Mitta+in+Practice-+Prapasiri+Kasemkijkajorn+13.jpg
3.10 Mitta del Santi,https://irp.cdn-website.com/5516674f/dms3rep/multi/3.+Exhibitions-3.10+Mitta+del+Santi-Exhibition+Images-Mitta+in+Practice-+Prapasiri+Kasemkijkajorn--Mitta+in+Practice-+Prapasiri+Kasemkijkajorn+1.jpg
3.10 Mitta del Santi,https://irp.cdn-website.com/5516674f/dms3rep/multi/3.+Exhibitions-3.10+Mitta+del+Santi-Exhibition+Images-Mitta+in+Practice-+Prapasiri+Kasemkijkajorn--Mitta+in+Practice-+Prapasiri+Kasemkijkajorn+5.jpg
3.10 Mitta del Santi,https://irp.cdn-website.com/5516674f/dms3rep/multi/3.+Exhibitions-3.10+Mitta+del+Santi-Exhibition+Images-Mitta+in+Practice-+Prapasiri+Kasemkijkajorn--Mitta+in+Practice-+Prapasiri+Kasemkijkajorn+8.jpg
3.10 Mitta del Santi,https://irp.cdn-website.com/5516674f/dms3rep/multi/3.+Exhibitions-3.10+Mitta+del+Santi-Exhibition+Images-Mitta+in+Practice-+Prapasiri+Kasemkijkajorn--Mitta+in+Practice-+Prapasiri+Kasemkijkajorn+6.jpg
3.11 Vernacular Objects,https://irp.cdn-website.com/5516674f/dms3rep/multi/3.+Exhibitions-3.11+Vernacular+Objects-Exhibition+Images-Vernacular+Objects-+Prapasiri+Kasemkijkajorn--Vernacular+Objects-+Prapasiri+Kasemkijkajorn+9.jpg
3.11 Vernacular Objects,https://irp.cdn-website.com/5516674f/dms3rep/multi/3.+Exhibitions-3.11+Vernacular+Objects-Exhibition+Images-Vernacular+Objects-+Prapasiri+Kasemkijkajorn--Vernacular+Objects-+Prapasiri+Kasemkijkajorn+20.jpg
3.11 Vernacular Objects,https://irp.cdn-website.com/5516674f/dms3rep/multi/3.+Exhibitions-3.11+Vernacular+Objects-Exhibition+Images-Vernacular+Objects-+Prapasiri+Kasemkijkajorn--Vernacular+Objects-+Prapasiri+Kasemkijkajorn+18.jpg
3.11 Vernacular Objects,https://irp.cdn-website.com/5516674f/dms3rep/multi/3.+Exhibitions-3.11+Vernacular+Objects-Exhibition+Images-Vernacular+Objects-+Prapasiri+Kasemkijkajorn--Vernacular+Objects-+Prapasiri+Kasemkijkajorn+12.jpg
3.11 Vernacular Objects,https://irp.cdn-website.com/5516674f/dms3rep/multi/3.+Exhibitions-3.11+Vernacular+Objects-Exhibition+Images-Vernacular+Objects-+Prapasiri+Kasemkijkajorn--Vernacular+Objects-+Prapasiri+Kasemkijkajorn+19.jpg
3.11 Vernacular Objects,https://irp.cdn-website.com/5516674f/dms3rep/multi/3.+Exhibitions-3.11+Vernacular+Objects-Exhibition+Images-Vernacular+Objects-+Prapasiri+Kasemkijkajorn--Vernacular+Objects-+Prapasiri+Kasemkijkajorn+13.jpg
3.11 Vernacular Objects,https://irp.cdn-website.com/5516674f/dms3rep/multi/3.+Exhibitions-3.11+Vernacular+Objects-Exhibition+Images-Vernacular+Objects-+Prapasiri+Kasemkijkajorn--Vernacular+Objects-+Prapasiri+Kasemkijkajorn+29.jpg
3.11 Vernacular Objects,https://irp.cdn-website.com/5516674f/dms3rep/multi/3.+Exhibitions-3.11+Vernacular+Objects-Exhibition+Images-Vernacular+Objects-+Prapasiri+Kasemkijkajorn--Vernacular+Objects-+Prapasiri+Kasemkijkajorn+21.jpg
3.11 Vernacular Objects,https://irp.cdn-website.com/5516674f/dms3rep/multi/3.+Exhibitions-3.11+Vernacular+Objects-Exhibition+Images-Vernacular+Objects-+Prapasiri+Kasemkijkajorn--Vernacular+Objects-+Prapasiri+Kasemkijkajorn+41.jpg
3.11 Vernacular Objects,https://irp.cdn-website.com/5516674f/dms3rep/multi/3.+Exhibitions-3.11+Vernacular+Objects-Exhibition+Images-Vernacular+Objects-+Prapasiri+Kasemkijkajorn--Vernacular+Objects-+Prapasiri+Kasemkijkajorn+15.jpg
3.11 Vernacular Objects,https://irp.cdn-website.com/5516674f/dms3rep/multi/3.+Exhibitions-3.11+Vernacular+Objects-Exhibition+Images-Vernacular+Objects-+Prapasiri+Kasemkijkajorn--Vernacular+Objects-+Prapasiri+Kasemkijkajorn+40.jpg
3.11 Vernacular Objects,https://irp.cdn-website.com/5516674f/dms3rep/multi/3.+Exhibitions-3.11+Vernacular+Objects-Exhibition+Images-Vernacular+Objects-+Prapasiri+Kasemkijkajorn--Vernacular+Objects-+Prapasiri+Kasemkijkajorn+37.jpg
3.11 Vernacular Objects,https://irp.cdn-website.com/5516674f/dms3rep/multi/3.+Exhibitions-3.11+Vernacular+Objects-Exhibition+Images-Vernacular+Objects-+Prapasiri+Kasemkijkajorn--Vernacular+Objects-+Prapasiri+Kasemkijkajorn+42.jpg
3.11 Vernacular Objects,https://irp.cdn-website.com/5516674f/dms3rep/multi/3.+Exhibitions-3.11+Vernacular+Objects-Exhibition+Images-Vernacular+Objects-+Prapasiri+Kasemkijkajorn--Vernacular+Objects-+Prapasiri+Kasemkijkajorn+39.jpg
3.12 Description Without Place,https://irp.cdn-website.com/5516674f/dms3rep/multi/3.+Exhibitions-3.12+Description+Without+Place-Description+Without+Place-+Krittawat+Atthsis+-+Prapasiri+Kasemkijkajorn--Description+Without+Place-+Krittawat+Atthsis+-+Prapasiri+Kasemkijkajorn+23.jpg
3.12 Description Without Place,https://irp.cdn-website.com/5516674f/dms3rep/multi/3.+Exhibitions-3.12+Description+Without+Place-Description+Without+Place-+Krittawat+Atthsis+-+Prapasiri+Kasemkijkajorn--Description+Without+Place-+Krittawat+Atthsis+-+Prapasiri+Kasemkijkajorn+37.jpg
3.12 Description Without Place,https://irp.cdn-website.com/5516674f/dms3rep/multi/3.+Exhibitions-3.12+Description+Without+Place-Description+Without+Place-+Krittawat+Atthsis+-+Prapasiri+Kasemkijkajorn--Description+Without+Place-+Krittawat+Atthsis+-+Prapasiri+Kasemkijkajorn+2.jpg
3.12 Description Without Place,https://irp.cdn-website.com/5516674f/dms3rep/multi/3.+Exhibitions-3.12+Description+Without+Place-Description+Without+Place-+Krittawat+Atthsis+-+Prapasiri+Kasemkijkajorn--Description+Without+Place-+Krittawat+Atthsis+-+Prapasiri+Kasemkijkajorn+22.jpg
3.12 Description Without Place,https://irp.cdn-website.com/5516674f/dms3rep/multi/3.+Exhibitions-3.12+Description+Without+Place-Description+Without+Place-+Krittawat+Atthsis+-+Prapasiri+Kasemkijkajorn--Description+Without+Place-+Krittawat+Atthsis+-+Prapasiri+Kasemkijkajorn+68.jpg
3.12 Description Without Place,https://irp.cdn-website.com/5516674f/dms3rep/multi/3.+Exhibitions-3.12+Description+Without+Place-Description+Without+Place-+Krittawat+Atthsis+-+Prapasiri+Kasemkijkajorn--Description+Without+Place-+Krittawat+Atthsis+-+Prapasiri+Kasemkijkajorn+52.jpg
3.12 Description Without Place,https://irp.cdn-website.com/5516674f/dms3rep/multi/3.+Exhibitions-3.12+Description+Without+Place-Description+Without+Place-+Krittawat+Atthsis+-+Prapasiri+Kasemkijkajorn--Description+Without+Place-+Krittawat+Atthsis+-+Prapasiri+Kasemkijkajorn+69.jpg
3.12 Description Without Place,https://irp.cdn-website.com/5516674f/dms3rep/multi/3.+Exhibitions-3.12+Description+Without+Place-Description+Without+Place-+Krittawat+Atthsis+-+Prapasiri+Kasemkijkajorn--Description+Without+Place-+Krittawat+Atthsis+-+Prapasiri+Kasemkijkajorn+15.jpg
3.12 Description Without Place,https://irp.cdn-website.com/5516674f/dms3rep/multi/3.+Exhibitions-3.12+Description+Without+Place-Description+Without+Place-+Krittawat+Atthsis+-+Prapasiri+Kasemkijkajorn--Description+Without+Place-+Krittawat+Atthsis+-+Prapasiri+Kasemkijkajorn+7.jpg
3.12 Description Without Place,https://irp.cdn-website.com/5516674f/dms3rep/multi/3.+Exhibitions-3.12+Description+Without+Place-Description+Without+Place-+Krittawat+Atthsis+-+Prapasiri+Kasemkijkajorn--Description+Without+Place-+Krittawat+Atthsis+-+Prapasiri+Kasemkijkajorn+89.jpg
3.12 Description Without Place,https://irp.cdn-website.com/5516674f/dms3rep/multi/3.+Exhibitions-3.12+Description+Without+Place-Description+Without+Place-+Krittawat+Atthsis+-+Prapasiri+Kasemkijkajorn--Description+Without+Place-+Krittawat+Atthsis+-+Prapasiri+Kasemkijkajorn+47.jpg
3.12 Description Without Place,https://irp.cdn-website.com/5516674f/dms3rep/multi/3.+Exhibitions-3.12+Description+Without+Place-Description+Without+Place-+Krittawat+Atthsis+-+Prapasiri+Kasemkijkajorn--Description+Without+Place-+Krittawat+Atthsis+-+Prapasiri+Kasemkijkajorn+48.jpg
3.12 Description Without Place,https://irp.cdn-website.com/5516674f/dms3rep/multi/3.+Exhibitions-3.12+Description+Without+Place-Description+Without+Place-+Krittawat+Atthsis+-+Prapasiri+Kasemkijkajorn--Description+Without+Place-+Krittawat+Atthsis+-+Prapasiri+Kasemkijkajorn+88.jpg
3.12 Description Without Place,https://irp.cdn-website.com/5516674f/dms3rep/multi/3.+Exhibitions-3.12+Description+Without+Place-Description+Without+Place-+Krittawat+Atthsis+-+Prapasiri+Kasemkijkajorn--Description+Without+Place-+Krittawat+Atthsis+-+Prapasiri+Kasemkijkajorn+91.jpg
3.12 Description Without Place,https://irp.cdn-website.com/5516674f/dms3rep/multi/3.+Exhibitions-3.12+Description+Without+Place-Description+Without+Place-+Krittawat+Atthsis+-+Prapasiri+Kasemkijkajorn--Description+Without+Place-+Krittawat+Atthsis+-+Prapasiri+Kasemkijkajorn+35.jpg
3.12 Description Without Place,https://irp.cdn-website.com/5516674f/dms3rep/multi/3.+Exhibitions-3.12+Description+Without+Place-Description+Without+Place-+Krittawat+Atthsis+-+Prapasiri+Kasemkijkajorn--Description+Without+Place-+Krittawat+Atthsis+-+Prapasiri+Kasemkijkajorn+5.jpg
3.12 Description Without Place,https://irp.cdn-website.com/5516674f/dms3rep/multi/3.+Exhibitions-3.12+Description+Without+Place-Description+Without+Place-+Krittawat+Atthsis+-+Prapasiri+Kasemkijkajorn--Description+Without+Place-+Krittawat+Atthsis+-+Prapasiri+Kasemkijkajorn+97.jpg
3.12 Description Without Place,https://irp.cdn-website.com/5516674f/dms3rep/multi/3.+Exhibitions-3.12+Description+Without+Place-Description+Without+Place-+Krittawat+Atthsis+-+Prapasiri+Kasemkijkajorn--Description+Without+Place-+Krittawat+Atthsis+-+Prapasiri+Kasemkijkajorn+27.jpg
3.12 Description Without Place,https://irp.cdn-website.com/5516674f/dms3rep/multi/3.+Exhibitions-3.12+Description+Without+Place-Description+Without+Place-+Krittawat+Atthsis+-+Prapasiri+Kasemkijkajorn--Description+Without+Place-+Krittawat+Atthsis+-+Prapasiri+Kasemkijkajorn+25.jpg
3.12 Description Without Place,https://irp.cdn-website.com/5516674f/dms3rep/multi/3.+Exhibitions-3.12+Description+Without+Place-Description+Without+Place-+Krittawat+Atthsis+-+Prapasiri+Kasemkijkajorn--Description+Without+Place-+Krittawat+Atthsis+-+Prapasiri+Kasemkijkajorn+43.jpg
3.12 Description Without Place,https://irp.cdn-website.com/5516674f/dms3rep/multi/3.+Exhibitions-3.12+Description+Without+Place-Description+Without+Place-+Krittawat+Atthsis+-+Prapasiri+Kasemkijkajorn--Description+Without+Place-+Krittawat+Atthsis+-+Prapasiri+Kasemkijkajorn+46.jpg
3.12 Description Without Place,https://irp.cdn-website.com/5516674f/dms3rep/multi/3.+Exhibitions-3.12+Description+Without+Place-Description+Without+Place-+Krittawat+Atthsis+-+Prapasiri+Kasemkijkajorn--Description+Without+Place-+Krittawat+Atthsis+-+Prapasiri+Kasemkijkajorn+90.jpg
3.12 Description Without Place,https://irp.cdn-website.com/5516674f/dms3rep/multi/3.+Exhibitions-3.12+Description+Without+Place-Description+Without+Place-+Krittawat+Atthsis+-+Prapasiri+Kasemkijkajorn--Description+Without+Place-+Krittawat+Atthsis+-+Prapasiri+Kasemkijkajorn+73.jpg
3.12 Description Without Place,https://irp.cdn-website.com/5516674f/dms3rep/multi/3.+Exhibitions-3.12+Description+Without+Place-Description+Without+Place-+Krittawat+Atthsis+-+Prapasiri+Kasemkijkajorn--Description+Without+Place-+Krittawat+Atthsis+-+Prapasiri+Kasemkijkajorn+67.jpg
3.12 Description Without Place,https://irp.cdn-website.com/5516674f/dms3rep/multi/3.+Exhibitions-3.12+Description+Without+Place-Description+Without+Place-+Krittawat+Atthsis+-+Prapasiri+Kasemkijkajorn--Description+Without+Place-+Krittawat+Atthsis+-+Prapasiri+Kasemkijkajorn+92.jpg
3.12 Description Without Place,https://irp.cdn-website.com/5516674f/dms3rep/multi/3.+Exhibitions-3.12+Description+Without+Place-Description+Without+Place-+Krittawat+Atthsis+-+Prapasiri+Kasemkijkajorn--Description+Without+Place-+Krittawat+Atthsis+-+Prapasiri+Kasemkijkajorn+12.jpg
3.12 Description Without Place,https://irp.cdn-website.com/5516674f/dms3rep/multi/3.+Exhibitions-3.12+Description+Without+Place-Description+Without+Place-+Krittawat+Atthsis+-+Prapasiri+Kasemkijkajorn--Description+Without+Place-+Krittawat+Atthsis+-+Prapasiri+Kasemkijkajorn+51.jpg
3.12 Description Without Place,https://irp.cdn-website.com/5516674f/dms3rep/multi/3.+Exhibitions-3.12+Description+Without+Place-Description+Without+Place-+Krittawat+Atthsis+-+Prapasiri+Kasemkijkajorn--Description+Without+Place-+Krittawat+Atthsis+-+Prapasiri+Kasemkijkajorn+87.jpg
3.12 Description Without Place,https://irp.cdn-website.com/5516674f/dms3rep/multi/3.+Exhibitions-3.12+Description+Without+Place-Description+Without+Place-+Krittawat+Atthsis+-+Prapasiri+Kasemkijkajorn--Description+Without+Place-+Krittawat+Atthsis+-+Prapasiri+Kasemkijkajorn+71.jpg
3.13 FOREVER LOVE SOUL ENGINE,https://irp.cdn-website.com/5516674f/dms3rep/multi/Puma_3.+Exhibitions-3.13+FOREVER+LOVE+SOUL+ENGINE-FOREVER+LOVE+SOUL+ENGINE-+Uncredit--FOREVER+LOVE+SOUL+ENGINE-+Uncredt-3.jpg
3.13 FOREVER LOVE SOUL ENGINE,https://irp.cdn-website.com/5516674f/dms3rep/multi/Puma_3.+Exhibitions-3.13+FOREVER+LOVE+SOUL+ENGINE-FOREVER+LOVE+SOUL+ENGINE-+Uncredit--FOREVER+LOVE+SOUL+ENGINE-+Uncredt.jpg
3.13 FOREVER LOVE SOUL ENGINE,https://irp.cdn-website.com/5516674f/dms3rep/multi/Puma_3.+Exhibitions-3.13+FOREVER+LOVE+SOUL+ENGINE-FOREVER+LOVE+SOUL+ENGINE-+ACT+I-+Napat+Roongrawewan--FOREVER+LOVE+SOUL+ENGINE-+Napat+Roongrawewan+26.jpg
3.13 FOREVER LOVE SOUL ENGINE,https://irp.cdn-website.com/5516674f/dms3rep/multi/Puma_3.+Exhibitions-3.13+FOREVER+LOVE+SOUL+ENGINE-FOREVER+LOVE+SOUL+ENGINE-+ACT+I-+Napat+Roongrawewan--FOREVER+LOVE+SOUL+ENGINE-+Napat+Roongrawewan+25.jpg
3.13 FOREVER LOVE SOUL ENGINE,https://irp.cdn-website.com/5516674f/dms3rep/multi/Puma_3.+Exhibitions-3.13+FOREVER+LOVE+SOUL+ENGINE-FOREVER+LOVE+SOUL+ENGINE-+ACT+I-+Napat+Roongrawewan--FOREVER+LOVE+SOUL+ENGINE-+Napat+Roongrawewan+33.jpg
3.13 FOREVER LOVE SOUL ENGINE,https://irp.cdn-website.com/5516674f/dms3rep/multi/Puma_3.+Exhibitions-3.13+FOREVER+LOVE+SOUL+ENGINE-FOREVER+LOVE+SOUL+ENGINE-+ACT+I-+Napat+Roongrawewan--FOREVER+LOVE+SOUL+ENGINE-+Napat+Roongrawewan+32.jpg
3.13 FOREVER LOVE SOUL ENGINE,https://irp.cdn-website.com/5516674f/dms3rep/multi/Puma_3.+Exhibitions-3.13+FOREVER+LOVE+SOUL+ENGINE-FOREVER+LOVE+SOUL+ENGINE-+ACT+I-+Napat+Roongrawewan--FOREVER+LOVE+SOUL+ENGINE-+Napat+Roongrawewan+29.jpg
3.13 FOREVER LOVE SOUL ENGINE,https://irp.cdn-website.com/5516674f/dms3rep/multi/Puma_3.+Exhibitions-3.13+FOREVER+LOVE+SOUL+ENGINE-FOREVER+LOVE+SOUL+ENGINE-+ACT+I-+Napat+Roongrawewan--FOREVER+LOVE+SOUL+ENGINE-+Napat+Roongrawewan+6.jpg
3.13 FOREVER LOVE SOUL ENGINE,https://irp.cdn-website.com/5516674f/dms3rep/multi/Puma_3.+Exhibitions-3.13+FOREVER+LOVE+SOUL+ENGINE-FOREVER+LOVE+SOUL+ENGINE-+ACT+I-+Napat+Roongrawewan--FOREVER+LOVE+SOUL+ENGINE-+Napat+Roongrawewan+13.jpg
3.13 FOREVER LOVE SOUL ENGINE,https://irp.cdn-website.com/5516674f/dms3rep/multi/Puma_3.+Exhibitions-3.13+FOREVER+LOVE+SOUL+ENGINE-FOREVER+LOVE+SOUL+ENGINE-+ACT+I-+Napat+Roongrawewan--FOREVER+LOVE+SOUL+ENGINE-+Napat+Roongrawewan+19.jpg
3.13 FOREVER LOVE SOUL ENGINE,https://irp.cdn-website.com/5516674f/dms3rep/multi/Puma_3.+Exhibitions-3.13+FOREVER+LOVE+SOUL+ENGINE-FOREVER+LOVE+SOUL+ENGINE-+ACT+I-+Napat+Roongrawewan--FOREVER+LOVE+SOUL+ENGINE-+Napat+Roongrawewan+43.jpg
3.13 FOREVER LOVE SOUL ENGINE,https://irp.cdn-website.com/5516674f/dms3rep/multi/Puma_3.+Exhibitions-3.13+FOREVER+LOVE+SOUL+ENGINE-FOREVER+LOVE+SOUL+ENGINE-+ACT+I-+Napat+Roongrawewan--FOREVER+LOVE+SOUL+ENGINE-+Napat+Roongrawewan+15.jpg
3.13 FOREVER LOVE SOUL ENGINE,https://irp.cdn-website.com/5516674f/dms3rep/multi/Puma_3.+Exhibitions-3.13+FOREVER+LOVE+SOUL+ENGINE-FOREVER+LOVE+SOUL+ENGINE-+ACT+I-+Napat+Roongrawewan--FOREVER+LOVE+SOUL+ENGINE-+Napat+Roongrawewan+24.jpg
3.13 FOREVER LOVE SOUL ENGINE,https://irp.cdn-website.com/5516674f/dms3rep/multi/Puma_3.+Exhibitions-3.13+FOREVER+LOVE+SOUL+ENGINE-FOREVER+LOVE+SOUL+ENGINE-+Samatcha+Apaisuwan--FOREVER+LOVE+SOUL+ENGINE-+Samatcha+Apaisuwan+13.jpg
3.13 FOREVER LOVE SOUL ENGINE,https://irp.cdn-website.com/5516674f/dms3rep/multi/Puma_3.+Exhibitions-3.13+FOREVER+LOVE+SOUL+ENGINE-FOREVER+LOVE+SOUL+ENGINE-+Samatcha+Apaisuwan--FOREVER+LOVE+SOUL+ENGINE-+Samatcha+Apaisuwan+11.jpg
3.13 FOREVER LOVE SOUL ENGINE,https://irp.cdn-website.com/5516674f/dms3rep/multi/Puma_3.+Exhibitions-3.13+FOREVER+LOVE+SOUL+ENGINE-FOREVER+LOVE+SOUL+ENGINE-+Samatcha+Apaisuwan--FOREVER+LOVE+SOUL+ENGINE-+Samatcha+Apaisuwan+20.jpg
3.13 FOREVER LOVE SOUL ENGINE,https://irp.cdn-website.com/5516674f/dms3rep/multi/Puma_3.+Exhibitions-3.13+FOREVER+LOVE+SOUL+ENGINE-FOREVER+LOVE+SOUL+ENGINE-+Samatcha+Apaisuwan--FOREVER+LOVE+SOUL+ENGINE-+Samatcha+Apaisuwan+29.jpg
3.13 FOREVER LOVE SOUL ENGINE,https://irp.cdn-website.com/5516674f/dms3rep/multi/Puma_3.+Exhibitions-3.13+FOREVER+LOVE+SOUL+ENGINE-FOREVER+LOVE+SOUL+ENGINE-+Samatcha+Apaisuwan--FOREVER+LOVE+SOUL+ENGINE-+Samatcha+Apaisuwan+26.jpg
"3.14 Blind Spots: Panels, Paravents and Screens",https://irp.cdn-website.com/5516674f/dms3rep/multi/Puma_3.+Exhibitions-3.14+Blind+Spots_+Panels-+Paravents+and+Screens-Blind+Spots-+Ratsiree--On+the+tables-+Ratsiree+2.jpg
"3.14 Blind Spots: Panels, Paravents and Screens",https://irp.cdn-website.com/5516674f/dms3rep/multi/Puma_3.+Exhibitions-3.14+Blind+Spots_+Panels-+Paravents+and+Screens-Blind+Spots-+Ratsiree--On+the+tables-+Ratsiree+1.jpg
"3.14 Blind Spots: Panels, Paravents and Screens",https://irp.cdn-website.com/5516674f/dms3rep/multi/Puma_3.+Exhibitions-3.14+Blind+Spots_+Panels-+Paravents+and+Screens-Blind+Spots-+Ratsiree--Another+Two-+Ratsiree+2.jpg
"3.14 Blind Spots: Panels, Paravents and Screens",https://irp.cdn-website.com/5516674f/dms3rep/multi/Puma_3.+Exhibitions-3.14+Blind+Spots_+Panels-+Paravents+and+Screens-Blind+Spots-+Ratsiree--Another+Two-+Ratsiree+1.jpg
"3.14 Blind Spots: Panels, Paravents and Screens",https://irp.cdn-website.com/5516674f/dms3rep/multi/Puma_3.+Exhibitions-3.14+Blind+Spots_+Panels-+Paravents+and+Screens-Blind+Spots-+Ratsiree--By+the+river-+Ratsiree+1.jpg
"3.14 Blind Spots: Panels, Paravents and Screens",https://irp.cdn-website.com/5516674f/dms3rep/multi/Puma_3.+Exhibitions-3.14+Blind+Spots_+Panels-+Paravents+and+Screens-Blind+Spots-+Ratsiree--Silence+eyes-+Ratsiree+1.jpg
"3.14 Blind Spots: Panels, Paravents and Screens",https://irp.cdn-website.com/5516674f/dms3rep/multi/Puma_3.+Exhibitions-3.14+Blind+Spots_+Panels-+Paravents+and+Screens-Blind+Spots-+Ratsiree--By+the+window-+Ratsiree+1.jpg
"3.14 Blind Spots: Panels, Paravents and Screens",https://irp.cdn-website.com/5516674f/dms3rep/multi/Puma_3.+Exhibitions-3.14+Blind+Spots_+Panels-+Paravents+and+Screens-Blind+Spots-+Ratsiree--By+the+river-+Ratsiree+2.jpg
"3.14 Blind Spots: Panels, Paravents and Screens",https://irp.cdn-website.com/5516674f/dms3rep/multi/Puma_3.+Exhibitions-3.14+Blind+Spots_+Panels-+Paravents+and+Screens-Blind+Spots-+Ratsiree--Blind+Spots-+Ratsiree+1.jpg
 ,