Category,Image URL
Emma McCormick Goodhart,https://irp.cdn-website.com/5516674f/dms3rep/multi/5.+Residencies-5.1+Emma+McCormick+Goodhart-Artwork+Images-glai+glaai-+Bangkok+Kunsthalle--glai+glaai-+Bangkok+Kunsthalle+3.JPG
Emma McCormick Goodhart,https://irp.cdn-website.com/5516674f/dms3rep/multi/5.+Residencies-5.1+Emma+McCormick+Goodhart-Artwork+Images-glai+glaai-+Bangkok+Kunsthalle--glai+glaai-+Bangkok+Kunsthalle+2.JPG
Emma McCormick Goodhart,https://irp.cdn-website.com/5516674f/dms3rep/multi/5.+Residencies-5.1+Emma+McCormick+Goodhart-Artwork+Images-glai+glaai-+Puttisin+Choojesroom--glai+glaai-+Puttisin+Choojesroom+1.jpg
Emma McCormick Goodhart,https://irp.cdn-website.com/5516674f/dms3rep/multi/5.+Residencies-5.1+Emma+McCormick+Goodhart-Artwork+Images-glai+glaai-+Puttisin+Choojesroom--glai+glaai-+Puttisin+Choojesroom+12.jpg
Emma McCormick Goodhart,https://irp.cdn-website.com/5516674f/dms3rep/multi/5.+Residencies-5.1+Emma+McCormick+Goodhart-Artwork+Images-glai+glaai-+Puttisin+Choojesroom--glai+glaai-+Puttisin+Choojesroom+13.jpg
Emma McCormick Goodhart,https://irp.cdn-website.com/5516674f/dms3rep/multi/5.+Residencies-5.1+Emma+McCormick+Goodhart-Artwork+Images-glai+glaai-+Puttisin+Choojesroom--glai+glaai-+Puttisin+Choojesroom+3.jpg
Emma McCormick Goodhart,https://irp.cdn-website.com/5516674f/dms3rep/multi/5.+Residencies-5.1+Emma+McCormick+Goodhart-Artwork+Images-glai+glaai-+Bangkok+Kunsthalle--glai+glaai-+Bangkok+Kunsthalle+1.JPG
Emma McCormick Goodhart,https://irp.cdn-website.com/5516674f/dms3rep/multi/5.+Residencies-5.1+Emma+McCormick+Goodhart-Artwork+Images-glai+glaai-+Puttisin+Choojesroom--glai+glaai-+Puttisin+Choojesroom+10.jpg
Emma McCormick Goodhart,https://irp.cdn-website.com/5516674f/dms3rep/multi/5.+Residencies-5.1+Emma+McCormick+Goodhart-Artwork+Images-glai+glaai-+Puttisin+Choojesroom--glai+glaai-+Puttisin+Choojesroom+2.jpg
Emma McCormick Goodhart,https://irp.cdn-website.com/5516674f/dms3rep/multi/5.+Residencies-5.1+Emma+McCormick+Goodhart-Artwork+Images-glai+glaai-+Puttisin+Choojesroom--glai+glaai-+Puttisin+Choojesroom+23.jpg
Emma McCormick Goodhart,https://irp.cdn-website.com/5516674f/dms3rep/multi/5.+Residencies-5.1+Emma+McCormick+Goodhart-Artwork+Images-glai+glaai-+Bangkok+Kunsthalle--glai+glaai-+Bangkok+Kunsthalle+6.JPG
Emma McCormick Goodhart,https://irp.cdn-website.com/5516674f/dms3rep/multi/5.+Residencies-5.1+Emma+McCormick+Goodhart-Artwork+Images-glai+glaai-+Bangkok+Kunsthalle--glai+glaai-+Bangkok+Kunsthalle+4.JPG
Emma McCormick Goodhart,https://irp.cdn-website.com/5516674f/dms3rep/multi/5.+Residencies-5.1+Emma+McCormick+Goodhart-Artwork+Images-glai+glaai-+Puttisin+Choojesroom--glai+glaai-+Puttisin+Choojesroom+11.jpg
Emma McCormick Goodhart,https://irp.cdn-website.com/5516674f/dms3rep/multi/5.+Residencies-5.1+Emma+McCormick+Goodhart-Artwork+Images-glai+glaai-+Puttisin+Choojesroom--glai+glaai-+Puttisin+Choojesroom+15.jpg
Emma McCormick Goodhart,https://irp.cdn-website.com/5516674f/dms3rep/multi/5.+Residencies-5.1+Emma+McCormick+Goodhart-Artwork+Images-glai+glaai-+Puttisin+Choojesroom--glai+glaai-+Puttisin+Choojesroom+16.jpg
Emma McCormick Goodhart,https://irp.cdn-website.com/5516674f/dms3rep/multi/5.+Residencies-5.1+Emma+McCormick+Goodhart-Artwork+Images-glai+glaai-+Puttisin+Choojesroom--glai+glaai-+Puttisin+Choojesroom+20.jpg
Emma McCormick Goodhart,https://irp.cdn-website.com/5516674f/dms3rep/multi/5.+Residencies-5.1+Emma+McCormick+Goodhart-Artwork+Images-glai+glaai-+Puttisin+Choojesroom--glai+glaai-+Puttisin+Choojesroom+7.jpg
Emma McCormick Goodhart,https://irp.cdn-website.com/5516674f/dms3rep/multi/5.+Residencies-5.1+Emma+McCormick+Goodhart-Artwork+Images-glai+glaai-+Puttisin+Choojesroom--glai+glaai-+Puttisin+Choojesroom+6.jpg
Emma McCormick Goodhart,https://irp.cdn-website.com/5516674f/dms3rep/multi/5.+Residencies-5.1+Emma+McCormick+Goodhart-Artwork+Images-glai+glaai-+Puttisin+Choojesroom--glai+glaai-+Puttisin+Choojesroom+5.jpg
Emma McCormick Goodhart,https://irp.cdn-website.com/5516674f/dms3rep/multi/5.+Residencies-5.1+Emma+McCormick+Goodhart-Artwork+Images-glai+glaai-+Puttisin+Choojesroom--glai+glaai-+Puttisin+Choojesroom+4.jpg
Emma McCormick Goodhart,https://irp.cdn-website.com/5516674f/dms3rep/multi/5.+Residencies-5.1+Emma+McCormick+Goodhart-Artwork+Images-glai+glaai-+Puttisin+Choojesroom--glai+glaai-+Puttisin+Choojesroom+22.jpg
Emma McCormick Goodhart,https://irp.cdn-website.com/5516674f/dms3rep/multi/5.+Residencies-5.1+Emma+McCormick+Goodhart-Artwork+Images-glai+glaai-+Puttisin+Choojesroom--glai+glaai-+Puttisin+Choojesroom+21.jpg
Emma McCormick Goodhart,https://irp.cdn-website.com/5516674f/dms3rep/multi/5.+Residencies-5.1+Emma+McCormick+Goodhart-Artwork+Images-glai+glaai-+Puttisin+Choojesroom--glai+glaai-+Puttisin+Choojesroom+8.jpg
Emma McCormick Goodhart,https://irp.cdn-website.com/5516674f/dms3rep/multi/5.+Residencies-5.1+Emma+McCormick+Goodhart-Artwork+Images-glai+glaai-+Puttisin+Choojesroom--glai+glaai-+Puttisin+Choojesroom+9.jpg
Emma McCormick Goodhart,https://irp.cdn-website.com/5516674f/dms3rep/multi/5.+Residencies-5.1+Emma+McCormick+Goodhart-Artwork+Images-glai+glaai-+Puttisin+Choojesroom--glai+glaai-+Puttisin+Choojesroom+14.jpg
Emma McCormick Goodhart,https://irp.cdn-website.com/5516674f/dms3rep/multi/5.+Residencies-5.1+Emma+McCormick+Goodhart-Artwork+Images-glai+glaai-+Puttisin+Choojesroom--glai+glaai-+Puttisin+Choojesroom+17.jpg
Emma McCormick Goodhart,https://irp.cdn-website.com/5516674f/dms3rep/multi/5.+Residencies-5.1+Emma+McCormick+Goodhart-Artwork+Images-glai+glaai-+Puttisin+Choojesroom--glai+glaai-+Puttisin+Choojesroom+18.jpg
Emma McCormick Goodhart,https://irp.cdn-website.com/5516674f/dms3rep/multi/5.+Residencies-5.1+Emma+McCormick+Goodhart-Artwork+Images-glai+glaai-+Puttisin+Choojesroom--glai+glaai-+Puttisin+Choojesroom+19.jpg
Emma McCormick Goodhart,https://irp.cdn-website.com/5516674f/dms3rep/multi/5.+Residencies-5.1+Emma+McCormick+Goodhart-Artwork+Images-glai+glaai-+Bangkok+Kunsthalle--glai+glaai-+Bangkok+Kunsthalle+5.JPG
Emma McCormick Goodhart,https://irp.cdn-website.com/5516674f/dms3rep/multi/5.+Residencies-5.1+Emma+McCormick+Goodhart-Artwork+Images-glai+glaai-+Bangkok+Kunsthalle--glai+glaai-+Bangkok+Kunsthalle+3-c134d772.JPG
Natalie Brück,https://irp.cdn-website.com/5516674f/dms3rep/multi/5.+Residencies-5.2+Natalie+Br%C3%BCck-Artwork+Images-Working+On+The+Imaginary+Object-+Sivakorn+Charoenyothin--Working+On+The+Imaginary+Object-+Sivakorn+Charoenyothin+2.jpg
Natalie Brück,https://irp.cdn-website.com/5516674f/dms3rep/multi/5.+Residencies-5.2+Natalie+Br%C3%BCck-Artwork+Images-Working+On+The+Imaginary+Object-+Sivakorn+Charoenyothin--Working+On+The+Imaginary+Object-+Sivakorn+Charoenyothin+4.jpg
Natalie Brück,https://irp.cdn-website.com/5516674f/dms3rep/multi/5.+Residencies-5.2+Natalie+Br%C3%BCck-Artwork+Images-Working+On+The+Imaginary+Object-+Sivakorn+Charoenyothin--Working+On+The+Imaginary+Object-+Sivakorn+Charoenyothin+3.jpg
Natalie Brück,https://irp.cdn-website.com/5516674f/dms3rep/multi/5.+Residencies-5.2+Natalie+Br%C3%BCck-Artwork+Images-Working+On+The+Imaginary+Object-+Sivakorn+Charoenyothin--Working+On+The+Imaginary+Object-+Sivakorn+Charoenyothin+1.jpg
Natalie Brück,https://irp.cdn-website.com/5516674f/dms3rep/multi/5.+Residencies-5.2+Natalie+Br%C3%BCck-Portraits--Natalie+Br%C3%BCck+1.JPG
Natalie Brück,https://irp.cdn-website.com/5516674f/dms3rep/multi/5.+Residencies-5.2+Natalie+Br%C3%BCck-Portraits--Natalie+Br%C3%BCck+3.JPG
Natalie Brück,https://irp.cdn-website.com/5516674f/dms3rep/multi/5.+Residencies-5.2+Natalie+Br%C3%BCck-Portraits--Natalie+Br%C3%BCck+2.JPG
Cole Lu,https://irp.cdn-website.com/5516674f/dms3rep/multi/5.+Residencies-5.3+Cole+Lu-Artwork+Images-The+Engineers-+Kanrapee+Chokpaiboon--Cole+Lu-+The+Engineers-+Kanrapee+Chokpaiboon+5.jpg
Cole Lu,https://irp.cdn-website.com/5516674f/dms3rep/multi/5.+Residencies-5.3+Cole+Lu-Artwork+Images-The+Engineers-+Krittawat+Atthsis+and+Puttisin+Choojesroom--The+Engineers-+Krittawat+Atthsis+and+Puttisin+Choojesroom+1.jpg
Cole Lu,https://irp.cdn-website.com/5516674f/dms3rep/multi/5.+Residencies-5.3+Cole+Lu-Artwork+Images-The+Engineers-+Krittawat+Atthsis and+Puttisin+Choojesroom--The+Engineers-+Krittawat+Atthsis+and+Puttisin+Choojesroom+3.jpg
Cole Lu,https://irp.cdn-website.com/5516674f/dms3rep/multi/5.+Residencies-5.3+Cole+Lu-Artwork+Images-The+Engineers-+Krittawat+Atthsis+and+Puttisin+Choojesroom--The+Engineers-+Krittawat+Atthsis+and+Puttisin+Choojesroom+2.jpg
Cole Lu,https://irp.cdn-website.com/5516674f/dms3rep/multi/5.+Residencies-5.3+Cole+Lu-Artwork+Images-The+Engineers-+Kanrapee+Chokpaiboon--Cole+Lu-+The+Engineers-+Kanrapee+Chokpaiboon+18.jpg
Cole Lu,https://irp.cdn-website.com/5516674f/dms3rep/multi/5.+Residencies-5.3+Cole+Lu-Artwork+Images-The+Engineers-+Kanrapee+Chokpaiboon--Cole+Lu-+The+Engineers-+Kanrapee+Chokpaiboon+6.jpg
Cole Lu,https://irp.cdn-website.com/5516674f/dms3rep/multi/5.+Residencies-5.3+Cole+Lu-Artwork+Images-The+Engineers-+Kanrapee+Chokpaiboon--Cole+Lu-+The+Engineers-+Kanrapee+Chokpaiboon+1.jpg
Cole Lu,https://irp.cdn-website.com/5516674f/dms3rep/multi/5.+Residencies-5.3+Cole+Lu-Artwork+Images-The+Engineers-+Kanrapee+Chokpaiboon--Cole+Lu-+The+Engineers-+Kanrapee+Chokpaiboon+4.jpg
Cole Lu,https://irp.cdn-website.com/5516674f/dms3rep/multi/5.+Residencies-5.3+Cole+Lu-Artwork+Images-The+Engineers-+Kanrapee+Chokpaiboon--Cole+Lu-+The+Engineers-+Kanrapee+Chokpaiboon+2.jpg
Cole Lu,https://irp.cdn-website.com/5516674f/dms3rep/multi/5.+Residencies-5.3+Cole+Lu-Artwork+Images-The+Engineers-+Kanrapee+Chokpaiboon--Cole+Lu-+The+Engineers-+Kanrapee+Chokpaiboon+11.jpg
Cole Lu,https://irp.cdn-website.com/5516674f/dms3rep/multi/5.+Residencies-5.3+Cole+Lu-Artwork+Images-The+Engineers-+Kanrapee+Chokpaiboon--Cole+Lu-+The+Engineers-+Kanrapee+Chokpaiboon+3.jpg
Cole Lu,https://irp.cdn-website.com/5516674f/dms3rep/multi/5.+Residencies-5.3+Cole+Lu-Artwork+Images-The+Engineers-+Kanrapee+Chokpaiboon--Cole+Lu-+The+Engineers-+Kanrapee+Chokpaiboon+10.jpg
Cole Lu,https://irp.cdn-website.com/5516674f/dms3rep/multi/5.+Residencies-5.3+Cole+Lu-Artwork+Images-The+Engineers-+Kanrapee+Chokpaiboon--Cole+Lu-+The+Engineers-+Kanrapee+Chokpaiboon+20.jpg
Cole Lu,https://irp.cdn-website.com/5516674f/dms3rep/multi/5.+Residencies-5.3+Cole+Lu-Artwork+Images-The+Engineers-+Kanrapee+Chokpaiboon--Cole+Lu-+The+Engineers-+Kanrapee+Chokpaiboon+21.jpg
Cole Lu,https://irp.cdn-website.com/5516674f/dms3rep/multi/5.+Residencies-5.3+Cole+Lu-Artwork+Images-The+Engineers-+Kanrapee+Chokpaiboon--Cole+Lu-+The+Engineers-+Kanrapee+Chokpaiboon+8.jpg
Cole Lu,https://irp.cdn-website.com/5516674f/dms3rep/multi/5.+Residencies-5.3+Cole+Lu-Artwork+Images-The+Engineers-+Kanrapee+Chokpaiboon--Cole+Lu-+The+Engineers-+Kanrapee+Chokpaiboon+16.jpg
Cole Lu,https://irp.cdn-website.com/5516674f/dms3rep/multi/5.+Residencies-5.3+Cole+Lu-Artwork+Images-The+Engineers-+Kanrapee+Chokpaiboon--Cole+Lu-+The+Engineers-+Kanrapee+Chokpaiboon+15.jpg
Cole Lu,https://irp.cdn-website.com/5516674f/dms3rep/multi/5.+Residencies-5.3+Cole+Lu-Artwork+Images-The+Engineers-+Kanrapee+Chokpaiboon--Cole+Lu-+The+Engineers-+Kanrapee+Chokpaiboon+7.jpg
Cole Lu,https://irp.cdn-website.com/5516674f/dms3rep/multi/5.+Residencies-5.3+Cole+Lu-Artwork+Images-The+Engineers-+Kanrapee+Chokpaiboon--Cole+Lu-+The+Engineers-+Kanrapee+Chokpaiboon+9.jpg
Cole Lu,https://irp.cdn-website.com/5516674f/dms3rep/multi/5.+Residencies-5.3+Cole+Lu-Artwork+Images-The+Engineers-+Kanrapee+Chokpaiboon--Cole+Lu-+The+Engineers-+Kanrapee+Chokpaiboon+17.jpg
Cole Lu,https://irp.cdn-website.com/5516674f/dms3rep/multi/5.+Residencies-5.3+Cole+Lu-Artwork+Images-The+Engineers-+Kanrapee+Chokpaiboon--Cole+Lu-+The+Engineers-+Kanrapee+Chokpaiboon+19.jpg
Cole Lu,https://irp.cdn-website.com/5516674f/dms3rep/multi/5.+Residencies-5.3+Cole+Lu-Artwork+Images-The+Engineers-+Kanrapee+Chokpaiboon--Cole+Lu-+The+Engineers-+Kanrapee+Chokpaiboon+25.jpg
Cole Lu,https://irp.cdn-website.com/5516674f/dms3rep/multi/5.+Residencies-5.3+Cole+Lu-Artwork+Images-The+Engineers-+Kanrapee+Chokpaiboon--Cole+Lu-+The+Engineers-+Kanrapee+Chokpaiboon+12.jpg
Cole Lu,https://irp.cdn-website.com/5516674f/dms3rep/multi/5.+Residencies-5.3+Cole+Lu-Artwork+Images-The+Engineers-+Kanrapee+Chokpaiboon--Cole+Lu-+The+Engineers-+Kanrapee+Chokpaiboon+26.jpg
Cole Lu,https://irp.cdn-website.com/5516674f/dms3rep/multi/5.+Residencies-5.3+Cole+Lu-Artwork+Images-The+Engineers-+Kanrapee+Chokpaiboon--Cole+Lu-+The+Engineers-+Kanrapee+Chokpaiboon+27.jpg
Cole Lu,https://irp.cdn-website.com/5516674f/dms3rep/multi/5.+Residencies-5.3+Cole+Lu-Artwork+Images-The+Engineers-+Kanrapee+Chokpaiboon--Cole+Lu-+The+Engineers-+Kanrapee+Chokpaiboon+13.jpg
Cole Lu,https://irp.cdn-website.com/5516674f/dms3rep/multi/5.+Residencies-5.3+Cole+Lu-Artwork+Images-The+Engineers-+Kanrapee+Chokpaiboon--Cole+Lu-+The+Engineers-+Kanrapee+Chokpaiboon+14.jpg
Cole Lu,https://irp.cdn-website.com/5516674f/dms3rep/multi/5.+Residencies-5.3+Cole+Lu-Artwork+Images-The+Engineers-+Kanrapee+Chokpaiboon--Cole+Lu-+The+Engineers-+Kanrapee+Chokpaiboon+22.jpg
Cole Lu,https://irp.cdn-website.com/5516674f/dms3rep/multi/5.+Residencies-5.3+Cole+Lu-Artwork+Images-The+Engineers-+Kanrapee+Chokpaiboon--Cole+Lu-+The+Engineers-+Kanrapee+Chokpaiboon+23.jpg
Nicolas Amato,https://irp.cdn-website.com/5516674f/dms3rep/multi/5.+Residencies-5.4+Nicolas+Amato-Artwork+Images--Unwinding+Architecture-+Bangkok+Kunsthalle+14.JPG
Nicolas Amato,https://irp.cdn-website.com/5516674f/dms3rep/multi/5.+Residencies-5.4+Nicolas+Amato-Artwork+Images--Unwinding+Architecture-+Bangkok+Kunsthalle+8.JPG
Nicolas Amato,https://irp.cdn-website.com/5516674f/dms3rep/multi/5.+Residencies-5.4+Nicolas+Amato-Artwork+Images--Unwinding+Architecture-+Bangkok+Kunsthalle+6.JPG
Nicolas Amato,https://irp.cdn-website.com/5516674f/dms3rep/multi/5.+Residencies-5.4+Nicolas+Amato-Artwork+Images--Unwinding+Architecture-+Bangkok+Kunsthalle+10.JPG
Nicolas Amato,https://irp.cdn-website.com/5516674f/dms3rep/multi/5.+Residencies-5.4+Nicolas+Amato-Artwork+Images--Unwinding+Architecture-+Bangkok+Kunsthalle+2.JPG
Nicolas Amato,https://irp.cdn-website.com/5516674f/dms3rep/multi/5.+Residencies-5.4+Nicolas+Amato-Artwork+Images--Unwinding+Architecture-+Bangkok+Kunsthalle+4.JPG
Nicolas Amato,https://irp.cdn-website.com/5516674f/dms3rep/multi/5.+Residencies-5.4+Nicolas+Amato-Artwork+Images--Unwinding+Architecture-+Bangkok+Kunsthalle+5.JPG
Nicolas Amato,https://irp.cdn-website.com/5516674f/dms3rep/multi/5.+Residencies-5.4+Nicolas+Amato-Artwork+Images--Unwinding+Architecture-+Bangkok+Kunsthalle+1.JPG
Nicolas Amato,https://irp.cdn-website.com/5516674f/dms3rep/multi/5.+Residencies-5.4+Nicolas+Amato-Artwork+Images--Unwinding+Architecture-+Bangkok+Kunsthalle+3.JPG
Nicolas Amato,https://irp.cdn-website.com/5516674f/dms3rep/multi/5.+Residencies-5.4+Nicolas+Amato-Artwork+Images--Unwinding+Architecture-+Bangkok+Kunsthalle+7.JPG
Nicolas Amato,https://irp.cdn-website.com/5516674f/dms3rep/multi/5.+Residencies-5.4+Nicolas+Amato-Artwork+Images--Unwinding+Architecture-+Bangkok+Kunsthalle+13.JPG
Nicolas Amato,https://irp.cdn-website.com/5516674f/dms3rep/multi/5.+Residencies-5.4+Nicolas+Amato-Artwork+Images--Unwinding+Architecture-+Bangkok+Kunsthalle+16.JPG
Nicolas Amato,https://irp.cdn-website.com/5516674f/dms3rep/multi/5.+Residencies-5.4+Nicolas+Amato-Artwork+Images--Unwinding+Architecture-+Bangkok+Kunsthalle+17.jpg
Nicolas Amato,https://irp.cdn-website.com/5516674f/dms3rep/multi/5.+Residencies-5.4+Nicolas+Amato-Artwork+Images--Unwinding+Architecture-+Bangkok+Kunsthalle+9.JPG
Nicolas Amato,https://irp.cdn-website.com/5516674f/dms3rep/multi/5.+Residencies-5.4+Nicolas+Amato-Artwork+Images--Unwinding+Architecture-+Bangkok+Kunsthalle+11.JPG
Nicolas Amato,https://irp.cdn-website.com/5516674f/dms3rep/multi/5.+Residencies-5.4+Nicolas+Amato-Artwork+Images--Unwinding+Architecture-+Bangkok+Kunsthalle+12.JPG
Nicolas Amato,https://irp.cdn-website.com/5516674f/dms3rep/multi/5.+Residencies-5.4+Nicolas+Amato-Artwork+Images--Unwinding+Architecture-+Bangkok+Kunsthalle+15.JPG
Anthony Huberman,https://irp.cdn-website.com/5516674f/dms3rep/multi/5.+Residencies-5.5+Anthony+Huberman-Exhibition+Images--An+Artist+Led+Approach-+Bangkok+Kunsthalle+3.JPG
Anthony Huberman,https://irp.cdn-website.com/5516674f/dms3rep/multi/5.+Residencies-5.5+Anthony+Huberman-Exhibition+Images--An+Artist+Led+Approach-+Bangkok+Kunsthalle+4.JPG
Anthony Huberman,https://irp.cdn-website.com/5516674f/dms3rep/multi/5.+Residencies-5.5+Anthony+Huberman-Exhibition+Images--An+Artist+Led+Approach-+Bangkok+Kunsthalle+1.JPG
Anthony Huberman,https://irp.cdn-website.com/5516674f/dms3rep/multi/5.+Residencies-5.5+Anthony+Huberman-Exhibition+Images--An+Artist+Led+Approach-+Bangkok+Kunsthalle+2.JPG
Anthony Huberman,https://irp.cdn-website.com/5516674f/dms3rep/multi/5.+Residencies-5.5+Anthony+Huberman-Exhibition+Images--An+Artist+Led+Approach-+Bangkok+Kunsthalle+5.JPG
Spencer Sweeney,https://irp.cdn-website.com/5516674f/dms3rep/multi/5.+Residencies-5.6+Spencer+Sweeney-Exhibition+Images-Living+Cinematheque-+Prapasiri+Kasemkijkajorn--Living+Cinematheque-+Prapasiri+Kasemkijkajorn+5.jpg
Spencer Sweeney,https://irp.cdn-website.com/5516674f/dms3rep/multi/5.+Residencies-5.6+Spencer+Sweeney-Exhibition+Images-Living+Cinematheque-+Prapasiri+Kasemkijkajorn--Living+Cinematheque-+Prapasiri+Kasemkijkajorn+23.jpg
Spencer Sweeney,https://irp.cdn-website.com/5516674f/dms3rep/multi/5.+Residencies-5.6+Spencer+Sweeney-Exhibition+Images-Living+Cinematheque-+Prapasiri+Kasemkijkajorn--Living+Cinematheque-+Prapasiri+Kasemkijkajorn+18.jpg
Spencer Sweeney,https://irp.cdn-website.com/5516674f/dms3rep/multi/5.+Residencies-5.6+Spencer+Sweeney-Exhibition+Images-Living+Cinematheque-+Prapasiri+Kasemkijkajorn--Living+Cinematheque-+Prapasiri+Kasemkijkajorn+10.jpg
Spencer Sweeney,https://irp.cdn-website.com/5516674f/dms3rep/multi/5.+Residencies-5.6+Spencer+Sweeney-Exhibition+Images-Living+Cinematheque-+Prapasiri+Kasemkijkajorn--Living+Cinematheque-+Prapasiri+Kasemkijkajorn+22.jpg
Spencer Sweeney,https://irp.cdn-website.com/5516674f/dms3rep/multi/5.+Residencies-5.6+Spencer+Sweeney-Exhibition+Images-Living+Cinematheque-+Prapasiri+Kasemkijkajorn--Living+Cinematheque-+Prapasiri+Kasemkijkajorn+20.jpg
Spencer Sweeney,https://irp.cdn-website.com/5516674f/dms3rep/multi/5.+Residencies-5.6+Spencer+Sweeney-Exhibition+Images-Living+Cinematheque-+Prapasiri+Kasemkijkajorn--Living+Cinematheque-+Prapasiri+Kasemkijkajorn+13.jpg
Spencer Sweeney,https://irp.cdn-website.com/5516674f/dms3rep/multi/5.+Residencies-5.6+Spencer+Sweeney-Exhibition+Images-Living+Cinematheque-+Prapasiri+Kasemkijkajorn--Living+Cinematheque-+Prapasiri+Kasemkijkajorn+17.jpg
Spencer Sweeney,https://irp.cdn-website.com/5516674f/dms3rep/multi/5.+Residencies-5.6+Spencer+Sweeney-Exhibition+Images-Living+Cinematheque-+Prapasiri+Kasemkijkajorn--Living+Cinematheque-+Prapasiri+Kasemkijkajorn+19.jpg
Spencer Sweeney,https://irp.cdn-website.com/5516674f/dms3rep/multi/5.+Residencies-5.6+Spencer+Sweeney-Exhibition+Images-Living+Cinematheque-+Prapasiri+Kasemkijkajorn--Living+Cinematheque-+Prapasiri+Kasemkijkajorn+11.jpg
Spencer Sweeney,https://irp.cdn-website.com/5516674f/dms3rep/multi/5.+Residencies-5.6+Spencer+Sweeney-Exhibition+Images-Living+Cinematheque-+Prapasiri+Kasemkijkajorn--Living+Cinematheque-+Prapasiri+Kasemkijkajorn+12.jpg
Spencer Sweeney,https://irp.cdn-website.com/5516674f/dms3rep/multi/5.+Residencies-5.6+Spencer+Sweeney-Exhibition+Images-Living+Cinematheque-+Prapasiri+Kasemkijkajorn--Living+Cinematheque-+Prapasiri+Kasemkijkajorn+15.jpg
Spencer Sweeney,https://irp.cdn-website.com/5516674f/dms3rep/multi/5.+Residencies-5.6+Spencer+Sweeney-Exhibition+Images-Living+Cinematheque-+Prapasiri+Kasemkijkajorn--Living+Cinematheque-+Prapasiri+Kasemkijkajorn+7.jpg
Spencer Sweeney,https://irp.cdn-website.com/5516674f/dms3rep/multi/5.+Residencies-5.6+Spencer+Sweeney-Exhibition+Images-Living+Cinematheque-+Prapasiri+Kasemkijkajorn--Living+Cinematheque-+Prapasiri+Kasemkijkajorn+2.jpg
Spencer Sweeney,https://irp.cdn-website.com/5516674f/dms3rep/multi/5.+Residencies-5.6+Spencer+Sweeney-Exhibition+Images-Living+Cinematheque-+Prapasiri+Kasemkijkajorn--Living+Cinematheque-+Prapasiri+Kasemkijkajorn+9.jpg
Spencer Sweeney,https://irp.cdn-website.com/5516674f/dms3rep/multi/5.+Residencies-5.6+Spencer+Sweeney-Exhibition+Images-Living+Cinematheque-+Prapasiri+Kasemkijkajorn--Living+Cinematheque-+Prapasiri+Kasemkijkajorn+3.jpg
Spencer Sweeney,https://irp.cdn-website.com/5516674f/dms3rep/multi/5.+Residencies-5.6+Spencer+Sweeney-Exhibition+Images-Living+Cinematheque-+Prapasiri+Kasemkijkajorn--Living+Cinematheque-+Prapasiri+Kasemkijkajorn+14.jpg
Spencer Sweeney,https://irp.cdn-website.com/5516674f/dms3rep/multi/5.+Residencies-5.6+Spencer+Sweeney-Exhibition+Images-Living+Cinematheque-+Prapasiri+Kasemkijkajorn--Living+Cinematheque-+Prapasiri+Kasemkijkajorn+6.jpg
Spencer Sweeney,https://irp.cdn-website.com/5516674f/dms3rep/multi/5.+Residencies-5.6+Spencer+Sweeney-Exhibition+Images-Living+Cinematheque-+Prapasiri+Kasemkijkajorn--Living+Cinematheque-+Prapasiri+Kasemkijkajorn+1-1920w.jpg
Spencer Sweeney,https://irp.cdn-website.com/5516674f/dms3rep/multi/5.+Residencies-5.6+Spencer+Sweeney-Exhibition+Images-Living+Cinematheque-+Prapasiri+Kasemkijkajorn--Living+Cinematheque-+Prapasiri+Kasemkijkajorn+16.jpg
Spencer Sweeney,https://irp.cdn-website.com/5516674f/dms3rep/multi/5.+Residencies-5.6+Spencer+Sweeney-Exhibition+Images-Living+Cinematheque-+Prapasiri+Kasemkijkajorn--Living+Cinematheque-+Prapasiri+Kasemkijkajorn+8.jpg
Luca Lo Pinto,https://irp.cdn-website.com/5516674f/dms3rep/multi/5.+Residencies-5.7+Luca+Lo+Pinto-From+Display+to+Discourse-+Bangkok+Kunsthalle--From+Display+to+Discourse-+Bangkok+Kunsthalle+11.JPG
Luca Lo Pinto,https://irp.cdn-website.com/5516674f/dms3rep/multi/5.+Residencies-5.7+Luca+Lo+Pinto-From+Display+to+Discourse-+Bangkok+Kunsthalle--From+Display+to+Discourse-+Bangkok+Kunsthalle+12.JPG
Luca Lo Pinto,https://irp.cdn-website.com/5516674f/dms3rep/multi/5.+Residencies-5.7+Luca+Lo+Pinto-From+Display+to+Discourse-+Bangkok+Kunsthalle--From+Display+to+Discourse-+Bangkok+Kunsthalle+6.JPG
Luca Lo Pinto,https://irp.cdn-website.com/5516674f/dms3rep/multi/5.+Residencies-5.7+Luca+Lo+Pinto-From+Display+to+Discourse-+Bangkok+Kunsthalle--From+Display+to+Discourse-+Bangkok+Kunsthalle+9.JPG
Luca Lo Pinto,https://irp.cdn-website.com/5516674f/dms3rep/multi/5.+Residencies-5.7+Luca+Lo+Pinto-From+Display+to+Discourse-+Bangkok+Kunsthalle--From+Display+to+Discourse-+Bangkok+Kunsthalle+7.JPG
Luca Lo Pinto,https://irp.cdn-website.com/5516674f/dms3rep/multi/5.+Residencies-5.7+Luca+Lo+Pinto-From+Display+to+Discourse-+Bangkok+Kunsthalle--From+Display+to+Discourse-+Bangkok+Kunsthalle+13.JPG
Luca Lo Pinto,https://irp.cdn-website.com/5516674f/dms3rep/multi/5.+Residencies-5.7+Luca+Lo+Pinto-From+Display+to+Discourse-+Bangkok+Kunsthalle--From+Display+to+Discourse-+Bangkok+Kunsthalle+15.JPG
Luca Lo Pinto,https://irp.cdn-website.com/5516674f/dms3rep/multi/5.+Residencies-5.7+Luca+Lo+Pinto-From+Display+to+Discourse-+Bangkok+Kunsthalle--From+Display+to+Discourse-+Bangkok+Kunsthalle+8.JPG
Luca Lo Pinto,https://irp.cdn-website.com/5516674f/dms3rep/multi/5.+Residencies-5.7+Luca+Lo+Pinto-From+Display+to+Discourse-+Bangkok+Kunsthalle--From+Display+to+Discourse-+Bangkok+Kunsthalle+4.JPG
Luca Lo Pinto,https://irp.cdn-website.com/5516674f/dms3rep/multi/5.+Residencies-5.7+Luca+Lo+Pinto-From+Display+to+Discourse-+Bangkok+Kunsthalle--From+Display+to+Discourse-+Bangkok+Kunsthalle+2.JPG
Luca Lo Pinto,https://irp.cdn-website.com/5516674f/dms3rep/multi/5.+Residencies-5.7+Luca+Lo+Pinto-From+Display+to+Discourse-+Bangkok+Kunsthalle--From+Display+to+Discourse-+Bangkok+Kunsthalle+5.JPG
Luca Lo Pinto,https://irp.cdn-website.com/5516674f/dms3rep/multi/5.+Residencies-5.7+Luca+Lo+Pinto-From+Display+to+Discourse-+Bangkok+Kunsthalle--From+Display+to+Discourse-+Bangkok+Kunsthalle+1.JPG
Luca Lo Pinto,https://irp.cdn-website.com/5516674f/dms3rep/multi/5.+Residencies-5.7+Luca+Lo+Pinto-From+Display+to+Discourse-+Bangkok+Kunsthalle--From+Display+to+Discourse-+Bangkok+Kunsthalle+14.JPG
Luca Lo Pinto,https://irp.cdn-website.com/5516674f/dms3rep/multi/5.+Residencies-5.7+Luca+Lo+Pinto-From+Display+to+Discourse-+Bangkok+Kunsthalle--From+Display+to+Discourse-+Bangkok+Kunsthalle+3.JPG
Luca Lo Pinto,https://irp.cdn-website.com/5516674f/dms3rep/multi/5.+Residencies-5.7+Luca+Lo+Pinto-From+Display+to+Discourse-+Bangkok+Kunsthalle--From+Display+to+Discourse-+Bangkok+Kunsthalle+10.JPG
Eduardo Williams,https://irp.cdn-website.com/5516674f/dms3rep/multi/5.+Residencies-5.8+Eduardo+Williams-Exhibition+Images-Teddy+workshop-+Krittawat+Atthsis--Teddy+workshop-+Krittawat+Atthsis+1.jpg
Eduardo Williams,https://irp.cdn-website.com/5516674f/dms3rep/multi/5.+Residencies-5.8+Eduardo+Williams-Exhibition+Images-Teddy+workshop-+Krittawat+Atthsis--Teddy+workshop-+Krittawat+Atthsis+19.jpg
Eduardo Williams,https://irp.cdn-website.com/5516674f/dms3rep/multi/5.+Residencies-5.8+Eduardo+Williams-Exhibition+Images-Teddy+workshop-+Krittawat+Atthsis--Teddy+workshop-+Krittawat+Atthsis+9.jpg
Eduardo Williams,https://irp.cdn-website.com/5516674f/dms3rep/multi/5.+Residencies-5.8+Eduardo+Williams-Exhibition+Images-Teddy+workshop-+Krittawat+Atthsis--Teddy+workshop-+Krittawat+Atthsis+5.jpg
Eduardo Williams,https://irp.cdn-website.com/5516674f/dms3rep/multi/5.+Residencies-5.8+Eduardo+Williams-Exhibition+Images-Teddy+workshop-+Krittawat+Atthsis--Teddy+workshop-+Krittawat+Atthsis+4.jpg
Eduardo Williams,https://irp.cdn-website.com/5516674f/dms3rep/multi/5.+Residencies-5.8+Eduardo+Williams-Exhibition+Images-Teddy+workshop-+Krittawat+Atthsis--Teddy+workshop-+Krittawat+Atthsis+18.jpg
Eduardo Williams,https://irp.cdn-website.com/5516674f/dms3rep/multi/5.+Residencies-5.8+Eduardo+Williams-Exhibition+Images-Teddy+workshop-+Krittawat+Atthsis--Teddy+workshop-+Krittawat+Atthsis+6.jpg
Eduardo Williams,https://irp.cdn-website.com/5516674f/dms3rep/multi/5.+Residencies-5.8+Eduardo+Williams-Exhibition+Images-Teddy+workshop-+Krittawat+Atthsis--Teddy+workshop-+Krittawat+Atthsis+7.jpg
Eduardo Williams,https://irp.cdn-website.com/5516674f/dms3rep/multi/5.+Residencies-5.8+Eduardo+Williams-Exhibition+Images-Teddy+workshop-+Krittawat+Atthsis--Teddy+workshop-+Krittawat+Atthsis+3.jpg
Eduardo Williams,https://irp.cdn-website.com/5516674f/dms3rep/multi/5.+Residencies-5.8+Eduardo+Williams-Exhibition+Images-Teddy+workshop-+Krittawat+Atthsis--Teddy+workshop-+Krittawat+Atthsis+2.jpg
Eduardo Williams,https://irp.cdn-website.com/5516674f/dms3rep/multi/5.+Residencies-5.8+Eduardo+Williams-Exhibition+Images-Teddy+workshop-+Krittawat+Atthsis--Teddy+workshop-+Krittawat+Atthsis+8.jpg
Eduardo Williams,https://irp.cdn-website.com/5516674f/dms3rep/multi/5.+Residencies-5.8+Eduardo+Williams-Exhibition+Images-Teddy+workshop-+Krittawat+Atthsis--Teddy+workshop-+Krittawat+Atthsis+14.jpg
Eduardo Williams,https://irp.cdn-website.com/5516674f/dms3rep/multi/5.+Residencies-5.8+Eduardo+Williams-Artwork+Images-A+Very+Long+Gif--Eduardo+-Teddy-+Williams-+A+Very+Long+Gif+13.jpg
Eduardo Williams,https://irp.cdn-website.com/5516674f/dms3rep/multi/5.+Residencies-5.8+Eduardo+Williams-Exhibition+Images-Teddy+workshop-+Krittawat+Atthsis--Teddy+workshop-+Krittawat+Atthsis+13.jpg
Eduardo Williams,https://irp.cdn-website.com/5516674f/dms3rep/multi/5.+Residencies-5.8+Eduardo+Williams-Exhibition+Images-Teddy+workshop-+Krittawat+Atthsis--Teddy+workshop-+Krittawat+Atthsis+12.jpg
Eduardo Williams,https://irp.cdn-website.com/5516674f/dms3rep/multi/5.+Residencies-5.8+Eduardo+Williams-Exhibition+Images-Teddy+workshop-+Krittawat+Atthsis--Teddy+workshop-+Krittawat+Atthsis+10.jpg
Eduardo Williams,https://irp.cdn-website.com/5516674f/dms3rep/multi/5.+Residencies-5.8+Eduardo+Williams-Artwork+Images-A+Very+Long+Gif--Eduardo+-Teddy-+Williams-+A+Very+Long+Gif+12.jpg
Eduardo Williams,https://irp.cdn-website.com/5516674f/dms3rep/multi/5.+Residencies-5.8+Eduardo+Williams-Exhibition+Images-Teddy+workshop-+Krittawat+Atthsis--Teddy+workshop-+Krittawat+Atthsis+15.jpg
Eduardo Williams,https://irp.cdn-website.com/5516674f/dms3rep/multi/5.+Residencies-5.8+Eduardo+Williams-Artwork+Images-A+Very+Long+Gif--Eduardo+-Teddy-+Williams-+A+Very+Long+Gif+9.jpg
Eduardo Williams,https://irp.cdn-website.com/5516674f/dms3rep/multi/5.+Residencies-5.8+Eduardo+Williams-Artwork+Images-A+Very+Long+Gif--Eduardo+-Teddy-+Williams-+A+Very+Long+Gif+10.jpg
Eduardo Williams,https://irp.cdn-website.com/5516674f/dms3rep/multi/5.+Residencies-5.8+Eduardo+Williams-Artwork+Images-A+Very+Long+Gif--Eduardo+-Teddy-+Williams-+A+Very+Long+Gif+11.jpg
Eduardo Williams,https://irp.cdn-website.com/5516674f/dms3rep/multi/5.+Residencies-5.8+Eduardo+Williams-Exhibition+Images-Teddy+workshop-+Krittawat+Atthsis--Teddy+workshop-+Krittawat+Atthsis+17.jpg
Eduardo Williams,https://irp.cdn-website.com/5516674f/dms3rep/multi/5.+Residencies-5.8+Eduardo+Williams-Artwork+Images-A+Very+Long+Gif--Eduardo+-Teddy-+Williams-+A+Very+Long+Gif+2.jpg
Eduardo Williams,https://irp.cdn-website.com/5516674f/dms3rep/multi/5.+Residencies-5.8+Eduardo+Williams-Artwork+Images-A+Very+Long+Gif--Eduardo+-Teddy-+Williams-+A+Very+Long+Gif+7.jpg
Eduardo Williams,https://irp.cdn-website.com/5516674f/dms3rep/multi/5.+Residencies-5.8+Eduardo+Williams-Artwork+Images-A+Very+Long+Gif--Eduardo+-Teddy-+Williams-+A+Very+Long+Gif+4.jpg
Eduardo Williams,https://irp.cdn-website.com/5516674f/dms3rep/multi/5.+Residencies-5.8+Eduardo+Williams-Artwork+Images-A+Very+Long+Gif--Eduardo+-Teddy-+Williams-+A+Very+Long+Gif+3.jpg
Eduardo Williams,https://irp.cdn-website.com/5516674f/dms3rep/multi/5.+Residencies-5.8+Eduardo+Williams-Artwork+Images-A+Very+Long+Gif--Eduardo+-Teddy-+Williams-+A+Very+Long+Gif+5.jpg
Eduardo Williams,https://irp.cdn-website.com/5516674f/dms3rep/multi/5.+Residencies-5.8+Eduardo+Williams-Exhibition+Images-Teddy+workshop-+Krittawat+Atthsis--Teddy+workshop-+Krittawat+Atthsis+11.jpg
Eduardo Williams,https://irp.cdn-website.com/5516674f/dms3rep/multi/5.+Residencies-5.8+Eduardo+Williams-Artwork+Images-A+Very+Long+Gif--Eduardo+-Teddy-+Williams-+A+Very+Long+Gif+1.jpg
Eduardo Williams,https://irp.cdn-website.com/5516674f/dms3rep/multi/5.+Residencies-5.8+Eduardo+Williams-Exhibition+Images-Teddy+workshop-+Krittawat+Atthsis--Teddy+workshop-+Krittawat+Atthsis+16.jpg
Eduardo Williams,https://irp.cdn-website.com/5516674f/dms3rep/multi/5.+Residencies-5.8+Eduardo+Williams-Artwork+Images-A+Very+Long+Gif--Eduardo+-Teddy-+Williams-+A+Very+Long+Gif+8.jpg
Eduardo Williams,https://irp.cdn-website.com/5516674f/dms3rep/multi/5.+Residencies-5.8+Eduardo+Williams-Artwork+Images-A+Very+Long+Gif--Eduardo+-Teddy-+Williams-+A+Very+Long+Gif+6.jpg
Apichaya Wannakit,https://irp.cdn-website.com/5516674f/dms3rep/multi/5.+Residencies-5.9+Apichaya+Wannakit--Apichaya+Wannakit-+Untitled+1.jpeg
Apichaya Wannakit,https://irp.cdn-website.com/5516674f/dms3rep/multi/5.+Residencies-5.9+Apichaya+Wannakit--Apichaya+Wannakit-+Legacy+between+absence+and+eternity+2.jpg
Apichaya Wannakit,https://irp.cdn-website.com/5516674f/dms3rep/multi/5.+Residencies-5.9+Apichaya+Wannakit--Apichaya+Wannakit-+Legacy+between+absence+and+eternity+3.jpeg
Apichaya Wannakit,https://irp.cdn-website.com/5516674f/dms3rep/multi/5.+Residencies-5.9+Apichaya+Wannakit--Apichaya+Wannakit-+Legacy+between+absence+and+eternity+4.jpg
Rolf Sachs,https://irp.cdn-website.com/5516674f/dms3rep/multi/5.+Residencies-5.10+Rolf+Sachs-Rolf+Sachs-+Sirikanya+Amarananthakit--Rolf+Sachs-+Sirikanya+6.JPG
Rolf Sachs,https://irp.cdn-website.com/5516674f/dms3rep/multi/5.+Residencies-5.10+Rolf+Sachs-Rolf+Sachs-+Sirikanya+Amarananthakit--Rolf+Sachs-+Sirikanya+4.JPG
Rolf Sachs,https://irp.cdn-website.com/5516674f/dms3rep/multi/5.+Residencies-5.10+Rolf+Sachs-Rolf+Sachs-+Sirikanya+Amarananthakit--Rolf+Sachs-+Sirikanya+5.JPG
Rolf Sachs,https://irp.cdn-website.com/5516674f/dms3rep/multi/5.+Residencies-5.10+Rolf+Sachs-Rolf+Sachs-+Sirikanya+Amarananthakit--Rolf+Sachs-+Sirikanya+13.JPG
Rolf Sachs,https://irp.cdn-website.com/5516674f/dms3rep/multi/5.+Residencies-5.10+Rolf+Sachs-Rolf+Sachs-+Sirikanya+Amarananthakit--Rolf+Sachs-+Sirikanya+1.JPG
Rolf Sachs,https://irp.cdn-website.com/5516674f/dms3rep/multi/5.+Residencies-5.10+Rolf+Sachs-Rolf+Sachs-+Sirikanya+Amarananthakit--Rolf+Sachs-+Sirikanya+3.JPG
Rolf Sachs,https://irp.cdn-website.com/5516674f/dms3rep/multi/5.+Residencies-5.10+Rolf+Sachs-Rolf+Sachs-+Sirikanya+Amarananthakit--Rolf+Sachs-+Sirikanya+15.JPG
Rolf Sachs,https://irp.cdn-website.com/5516674f/dms3rep/multi/5.+Residencies-5.10+Rolf+Sachs-Rolf+Sachs-+Sirikanya+Amarananthakit--Rolf+Sachs-+Sirikanya+14.JPG
Rolf Sachs,https://irp.cdn-website.com/5516674f/dms3rep/multi/5.+Residencies-5.10+Rolf+Sachs-Rolf+Sachs-+Sirikanya+Amarananthakit--Rolf+Sachs-+Sirikanya+7.JPG
Rolf Sachs,https://irp.cdn-website.com/5516674f/dms3rep/multi/5.+Residencies-5.10+Rolf+Sachs-Rolf+Sachs-+Sirikanya+Amarananthakit--Rolf+Sachs-+Sirikanya+8.JPG
Rolf Sachs,https://irp.cdn-website.com/5516674f/dms3rep/multi/5.+Residencies-5.10+Rolf+Sachs-Rolf+Sachs-+Sirikanya+Amarananthakit--Rolf+Sachs-+Sirikanya+12.JPG
Rolf Sachs,https://irp.cdn-website.com/5516674f/dms3rep/multi/5.+Residencies-5.10+Rolf+Sachs-Rolf+Sachs-+Sirikanya+Amarananthakit--Rolf+Sachs-+Sirikanya+2.JPG
Rolf Sachs,https://irp.cdn-website.com/5516674f/dms3rep/multi/5.+Residencies-5.10+Rolf+Sachs-Rolf+Sachs-+Sirikanya+Amarananthakit--Rolf+Sachs-+Sirikanya+11.JPG
Rolf Sachs,https://irp.cdn-website.com/5516674f/dms3rep/multi/5.+Residencies-5.10+Rolf+Sachs-Rolf+Sachs-+Sirikanya+Amarananthakit--Rolf+Sachs-+Sirikanya+9.JPG
Rolf Sachs,https://irp.cdn-website.com/5516674f/dms3rep/multi/5.+Residencies-5.10+Rolf+Sachs-Rolf+Sachs-+Sirikanya+Amarananthakit--Rolf+Sachs-+Sirikanya+10.JPG
Mafalda von Hessen,https://irp.cdn-website.com/5516674f/dms3rep/multi/5.+Residencies-5.11+Mafalda+von+Hessen-Mafalda-+Sirikanya+Amarananthakit--Mafalda-+Sirikanya+13.JPG
Mafalda von Hessen,https://irp.cdn-website.com/5516674f/dms3rep/multi/5.+Residencies-5.11+Mafalda+von+Hessen-Mafalda-+Sirikanya+Amarananthakit--Mafalda-+Sirikanya+20.JPG
Mafalda von Hessen,https://irp.cdn-website.com/5516674f/dms3rep/multi/5.+Residencies-5.11+Mafalda+von+Hessen-Mafalda-+Sirikanya+Amarananthakit--Mafalda-+Sirikanya+16.JPG
Mafalda von Hessen,https://irp.cdn-website.com/5516674f/dms3rep/multi/5.+Residencies-5.11+Mafalda+von+Hessen-Mafalda-+Sirikanya+Amarananthakit--Mafalda-+Sirikanya+18.JPG
Mafalda von Hessen,https://irp.cdn-website.com/5516674f/dms3rep/multi/5.+Residencies-5.11+Mafalda+von+Hessen-Mafalda-+Sirikanya+Amarananthakit--Mafalda-+Sirikanya+10.JPG
Mafalda von Hessen,https://irp.cdn-website.com/5516674f/dms3rep/multi/5.+Residencies-5.11+Mafalda+von+Hessen-Mafalda-+Sirikanya+Amarananthakit--Mafalda-+Sirikanya+8.JPG
Mafalda von Hessen,https://irp.cdn-website.com/5516674f/dms3rep/multi/5.+Residencies-5.11+Mafalda+von+Hessen-Mafalda-+Sirikanya+Amarananthakit--Mafalda-+Sirikanya+6.JPG
Mafalda von Hessen,https://irp.cdn-website.com/5516674f/dms3rep/multi/5.+Residencies-5.11+Mafalda+von+Hessen-Mafalda-+Sirikanya+Amarananthakit--Mafalda-+Sirikanya+7.JPG
Mafalda von Hessen,https://irp.cdn-website.com/5516674f/dms3rep/multi/5.+Residencies-5.11+Mafalda+von+Hessen-Mafalda-+Sirikanya+Amarananthakit--Mafalda-+Sirikanya+4.JPG
Mafalda von Hessen,https://irp.cdn-website.com/5516674f/dms3rep/multi/5.+Residencies-5.11+Mafalda+von+Hessen-Mafalda-+Sirikanya+Amarananthakit--Mafalda-+Sirikanya+5.JPG
Mafalda von Hessen,https://irp.cdn-website.com/5516674f/dms3rep/multi/5.+Residencies-5.11+Mafalda+von+Hessen-Mafalda-+Sirikanya+Amarananthakit--Mafalda-+Sirikanya+2.JPG
Mafalda von Hessen,https://irp.cdn-website.com/5516674f/dms3rep/multi/5.+Residencies-5.11+Mafalda+von+Hessen-Mafalda-+Sirikanya+Amarananthakit--Mafalda-+Sirikanya+3.JPG
Mafalda von Hessen,https://irp.cdn-website.com/5516674f/dms3rep/multi/5.+Residencies-5.11+Mafalda+von+Hessen-Mafalda-+Sirikanya+Amarananthakit--Mafalda-+Sirikanya+1.JPG
Mafalda von Hessen,https://irp.cdn-website.com/5516674f/dms3rep/multi/5.+Residencies-5.11+Mafalda+von+Hessen-Mafalada-+Ponpavee+Rittirongkhajorn--Mafalada-+Ponpavee+21.JPG
Mafalda von Hessen,https://irp.cdn-website.com/5516674f/dms3rep/multi/5.+Residencies-5.11+Mafalda+von+Hessen-Mafalada-+Ponpavee+Rittirongkhajorn--Mafalada-+Ponpavee+22.JPG
Mafalda von Hessen,https://irp.cdn-website.com/5516674f/dms3rep/multi/5.+Residencies-5.11+Mafalda+von+Hessen-Mafalada-+Ponpavee+Rittirongkhajorn--Mafalada-+Ponpavee+19.JPG
Mafalda von Hessen,https://irp.cdn-website.com/5516674f/dms3rep/multi/5.+Residencies-5.11+Mafalda+von+Hessen-Mafalada-+Ponpavee+Rittirongkhajorn--Mafalada-+Ponpavee+17.JPG
Mafalda von Hessen,https://irp.cdn-website.com/5516674f/dms3rep/multi/5.+Residencies-5.11+Mafalda+von+Hessen-Mafalada-+Ponpavee+Rittirongkhajorn--Mafalada-+Ponpavee+15.JPG
Mafalda von Hessen,https://irp.cdn-website.com/5516674f/dms3rep/multi/5.+Residencies-5.11+Mafalda+von+Hessen-Mafalada-+Ponpavee+Rittirongkhajorn--Mafalada-+Ponpavee+16.JPG
Mafalda von Hessen,https://irp.cdn-website.com/5516674f/dms3rep/multi/5.+Residencies-5.11+Mafalda+von+Hessen-Mafalada-+Ponpavee+Rittirongkhajorn--Mafalada-+Ponpavee+13.JPG
Mafalda von Hessen,https://irp.cdn-website.com/5516674f/dms3rep/multi/5.+Residencies-5.11+Mafalda+von+Hessen-Mafalada-+Ponpavee+Rittirongkhajorn--Mafalada-+Ponpavee+14.JPG
Mafalda von Hessen,https://irp.cdn-website.com/5516674f/dms3rep/multi/5.+Residencies-5.11+Mafalda+von+Hessen-Mafalada-+Ponpavee+Rittirongkhajorn--Mafalada-+Ponpavee+11.JPG
Mafalda von Hessen,https://irp.cdn-website.com/5516674f/dms3rep/multi/5.+Residencies-5.11+Mafalda+von+Hessen-Mafalada-+Ponpavee+Rittirongkhajorn--Mafalada-+Ponpavee+12.JPG
Mafalda von Hessen,https://irp.cdn-website.com/5516674f/dms3rep/multi/5.+Residencies-5.11+Mafalda+von+Hessen-Mafalada-+Ponpavee+Rittirongkhajorn--Mafalada-+Ponpavee+9.JPG
Mafalda von Hessen,https://irp.cdn-website.com/5516674f/dms3rep/multi/5.+Residencies-5.11+Mafalda+von+Hessen-Mafalada-+Ponpavee+Rittirongkhajorn--Mafalada-+Ponpavee+5.JPG
Mafalda von Hessen,https://irp.cdn-website.com/5516674f/dms3rep/multi/5.+Residencies-5.11+Mafalda+von+Hessen-Mafalada-+Ponpavee+Rittirongkhajorn--Mafalada-+Ponpavee+3.JPG
Mafalda von Hessen,https://irp.cdn-website.com/5516674f/dms3rep/multi/5.+Residencies-5.11+Mafalda+von+Hessen-Mafalada-+Ponpavee+Rittirongkhajorn--Mafalada-+Ponpavee+6.JPG
Mafalda von Hessen,https://irp.cdn-website.com/5516674f/dms3rep/multi/5.+Residencies-5.11+Mafalda+von+Hessen-Mafalada-+Ponpavee+Rittirongkhajorn--Mafalada-+Ponpavee+2.JPG
Mafalda von Hessen,https://irp.cdn-website.com/5516674f/dms3rep/multi/5.+Residencies-5.11+Mafalda+von+Hessen-Mafalada-+Ponpavee+Rittirongkhajorn--Mafalada-+Ponpavee+7.JPG
Mafalda von Hessen,https://irp.cdn-website.com/5516674f/dms3rep/multi/5.+Residencies-5.11+Mafalda+von+Hessen-Mafalada-+Ponpavee+Rittirongkhajorn--Mafalada-+Ponpavee+1.JPG
Mafalda von Hessen,https://irp.cdn-website.com/5516674f/dms3rep/multi/5.+Residencies-5.11+Mafalda+von+Hessen-Mafalada-+Ponpavee+Rittirongkhajorn--Mafalada-+Ponpavee+4.JPG
Mafalda von Hessen,https://irp.cdn-website.com/5516674f/dms3rep/multi/5.+Residencies-5.11+Mafalda+von+Hessen-Mafalada-+Ponpavee+Rittirongkhajorn--Mafalada-+Ponpavee+10.JPG
Mafalda von Hessen,https://irp.cdn-website.com/5516674f/dms3rep/multi/5.+Residencies-5.11+Mafalda+von+Hessen-Mafalada-+Ponpavee+Rittirongkhajorn--Mafalada-+Ponpavee+8.JPG
Mafalda von Hessen,https://irp.cdn-website.com/5516674f/dms3rep/multi/5.+Residencies-5.11+Mafalda+von+Hessen-Mafalada-+Ponpavee+Rittirongkhajorn--Mafalada-+Ponpavee+20.JPG
Mafalda von Hessen,https://irp.cdn-website.com/5516674f/dms3rep/multi/5.+Residencies-5.11+Mafalda+von+Hessen-Mafalada-+Ponpavee+Rittirongkhajorn--Mafalada-+Ponpavee+18.JPG
Mafalda von Hessen,https://irp.cdn-website.com/5516674f/dms3rep/multi/5.+Residencies-5.11+Mafalda+von+Hessen-Mafalda-+Sirikanya+Amarananthakit--Mafalda-+Sirikanya+11.JPG
Mafalda von Hessen,https://irp.cdn-website.com/5516674f/dms3rep/multi/5.+Residencies-5.11+Mafalda+von+Hessen-Mafalda-+Sirikanya+Amarananthakit--Mafalda-+Sirikanya+9.JPG
