Section,Image URL
Infringes,https://irp.cdn-website.com/5516674f/dms3rep/multi/Puma_4.+Moving+Image+Programs-4.1+Infringes-Artwork+Images--Martha+Atienza-+Anito-+2015-+9+minutes-+courtesy+of+the+artist.png
Infringes,https://irp.cdn-website.com/5516674f/dms3rep/multi/Puma_4.+Moving+Image+Programs-4.1+Infringes-Artwork+Images--Sky+Hopinka-+I-ll+Remember+You+as+You+Were-+Not+as+What+You-ll+Become-+2016-+13+minutes-+courtesy+of+the+artist.png
Infringes,https://irp.cdn-website.com/5516674f/dms3rep/multi/Puma_4.+Moving+Image+Programs-4.1+Infringes-Artwork+Images--Aura+Satz-+While+Smoke+Signals-+2023-+9+minutes-+courtesy+of+the+artist.jpg
Infringes,https://irp.cdn-website.com/5516674f/dms3rep/multi/Puma_4.+Moving+Image+Programs-4.1+Infringes-Artwork+Images--Riar+Rizaldi-+Notes+from+Gog+Magog-+2022-+20+minutes-+courtesy+of+the+artist.jpg
Infringes,https://irp.cdn-website.com/5516674f/dms3rep/multi/Puma_4.+Moving+Image+Programs-4.1+Infringes-Artwork+Images--Rhea+Storr-+A+Protest-+A+Celebration-+A+Mixed+Message-+2018-+12+minutes-+courtesy+of+the+artist+and+LUX+London.jpg
Infringes,https://irp.cdn-website.com/5516674f/dms3rep/multi/Puma_4.+Moving+Image+Programs-4.1+Infringes-Artwork+Images--Ji%C5%99%C3%AD+%C5%BD%C3%A1k-+Unfinished+Love+Letter-+2020-+23+minutes-+courtesy+of+the+artist.jpg
Infringes,https://irp.cdn-website.com/5516674f/dms3rep/multi/Puma_4.+Moving+Image+Programs-4.1+Infringes-Artwork+Images--Chulayarnnon+Siriphol-+Birth+of+Golden+Snail-+2018-+20+mins-+courtesy+of+the+artist.jpg
Shapeshifting Spaces: stretched by the desires within them,https://irp.cdn-website.com/5516674f/dms3rep/multi/4.+Moving+Image+Programs-4.2+Shapeshifting+Spaces+stretched+by+the+desires+within+them-Artwork+Images-Doug+Aitken-+Wilderness--Doug+Aitken-+Wilderness+1.jpg
Shapeshifting Spaces: stretched by the desires within them,https://irp.cdn-website.com/5516674f/dms3rep/multi/4.+Moving+Image+Programs-4.2+Shapeshifting+Spaces+stretched+by+the+desires+within+them-Artwork+Images-Doug+Aitken-+Wilderness--Doug+Aitken-+Wilderness+2.jpg
Shapeshifting Spaces: stretched by the desires within them,https://irp.cdn-website.com/5516674f/dms3rep/multi/4.+Moving+Image+Programs-4.2+Shapeshifting+Spaces+stretched+by+the+desires+within+them-Artwork+Images-Doug+Aitken-+Wilderness--Doug+Aitken-+Wilderness+3.jpg
Shapeshifting Spaces: stretched by the desires within them,https://irp.cdn-website.com/5516674f/dms3rep/multi/4.+Moving+Image+Programs-4.2+Shapeshifting+Spaces+stretched+by+the+desires+within+them-Artwork+Images-Lawrence+Lek-+Black+Cloud--Lawrence+Lek-+Black+Cloud-+courtesy+of+the+artist+10.jpg
Shapeshifting Spaces: stretched by the desires within them,https://irp.cdn-website.com/5516674f/dms3rep/multi/4.+Moving+Image+Programs-4.2+Shapeshifting+Spaces+stretched+by+the+desires+within+them-Artwork+Images-Lawrence+Lek-+Black+Cloud--Lawrence+Lek-+Black+Cloud-+courtesy+of+the+artist+7.jpg
Shapeshifting Spaces: stretched by the desires within them,https://irp.cdn-website.com/5516674f/dms3rep/multi/4.+Moving+Image+Programs-4.2+Shapeshifting+Spaces+stretched+by+the+desires+within+them-Artwork+Images-Lawrence+Lek-+Black+Cloud--Lawrence+Lek-+Black+Cloud-+courtesy+of+the+artist+1.jpg
Shapeshifting Spaces: stretched by the desires within them,https://irp.cdn-website.com/5516674f/dms3rep/multi/4.+Moving+Image+Programs-4.2+Shapeshifting+Spaces+stretched+by+the+desires+within+them-Artwork+Images-Lawrence+Lek-+Black+Cloud--Lawrence+Lek-+Black+Cloud-+courtesy+of+the+artist+8.jpg
Shapeshifting Spaces: stretched by the desires within them,https://irp.cdn-website.com/5516674f/dms3rep/multi/4.+Moving+Image+Programs-4.2+Shapeshifting+Spaces+stretched+by+the+desires+within+them-Artwork+Images-Lawrence+Lek-+Black+Cloud--Lawrence+Lek-+Black+Cloud-+courtesy+of+the+artist+4.jpg
Shapeshifting Spaces: stretched by the desires within them,https://irp.cdn-website.com/5516674f/dms3rep/multi/4.+Moving+Image+Programs-4.2+Shapeshifting+Spaces+stretched+by+the+desires+within+them-Artwork+Images-Lawrence+Lek-+Black+Cloud--Lawrence+Lek-+Black+Cloud-+courtesy+of+the+artist+3.jpg
Shapeshifting Spaces: stretched by the desires within them,https://irp.cdn-website.com/5516674f/dms3rep/multi/4.+Moving+Image+Programs-4.2+Shapeshifting+Spaces+stretched+by+the+desires+within+them-Artwork+Images-Lawrence+Lek-+Black+Cloud--Lawrence+Lek-+Black+Cloud-+courtesy+of+the+artist+2.jpg
Shapeshifting Spaces: stretched by the desires within them,https://irp.cdn-website.com/5516674f/dms3rep/multi/4.+Moving+Image+Programs-4.2+Shapeshifting+Spaces+stretched+by+the+desires+within+them-Artwork+Images-Lawrence+Lek-+Black+Cloud--Lawrence+Lek-+Black+Cloud-+courtesy+of+the+artist+9.jpg
Shapeshifting Spaces: stretched by the desires within them,https://irp.cdn-website.com/5516674f/dms3rep/multi/4.+Moving+Image+Programs-4.2+Shapeshifting+Spaces+stretched+by+the+desires+within+them-Artwork+Images-Lawrence+Lek-+Black+Cloud--Lawrence+Lek-+Black+Cloud-+courtesy+of+the+artist+6.jpg
Shapeshifting Spaces: stretched by the desires within them,https://irp.cdn-website.com/5516674f/dms3rep/multi/4.+Moving+Image+Programs-4.2+Shapeshifting+Spaces+stretched+by+the+desires+within+them-Artwork+Images-Lawrence+Lek-+Black+Cloud--Lawrence+Lek-+Black+Cloud-+courtesy+of+the+artist+11.jpg
Shapeshifting Spaces: stretched by the desires within them,https://irp.cdn-website.com/5516674f/dms3rep/multi/4.+Moving+Image+Programs-4.2+Shapeshifting+Spaces+stretched+by+the+desires+within+them-Artwork+Images-Lawrence+Lek-+Black+Cloud--Lawrence+Lek-+Black+Cloud-+courtesy+of+the+artist+5.jpg
Shapeshifting Spaces: stretched by the desires within them,https://irp.cdn-website.com/5516674f/dms3rep/multi/4.+Moving+Image+Programs-4.2+Shapeshifting+Spaces+stretched+by+the+desires+within+them-Artwork+Images-Ming+Wong-+After+Chinatown--Ming+Wong-+After+Chinatown-+courtesy+of+the+artist+7.jpg
Shapeshifting Spaces: stretched by the desires within them,https://irp.cdn-website.com/5516674f/dms3rep/multi/4.+Moving+Image+Programs-4.2+Shapeshifting+Spaces+stretched+by+the+desires+within+them-Artwork+Images-Ming+Wong-+After+Chinatown--Ming+Wong-+After+Chinatown-+courtesy+of+the+artist+2.jpg
Shapeshifting Spaces: stretched by the desires within them,https://irp.cdn-website.com/5516674f/dms3rep/multi/4.+Moving+Image+Programs-4.2+Shapeshifting+Spaces+stretched+by+the+desires+within+them-Artwork+Images-Ming+Wong-+After+Chinatown--Ming+Wong-+After+Chinatown-+courtesy+of+the+artist+8.jpg
Shapeshifting Spaces: stretched by the desires within them,https://irp.cdn-website.com/5516674f/dms3rep/multi/4.+Moving+Image+Programs-4.2+Shapeshifting+Spaces+stretched+by+the+desires+within+them-Artwork+Images-Ming+Wong-+After+Chinatown--Ming+Wong-+After+Chinatown-+courtesy+of+the+artist+3.jpg
Shapeshifting Spaces: stretched by the desires within them,https://irp.cdn-website.com/5516674f/dms3rep/multi/4.+Moving+Image+Programs-4.2+Shapeshifting+Spaces+stretched+by+the+desires+within+them-Artwork+Images-Ming+Wong-+After+Chinatown--Ming+Wong-+After+Chinatown-+courtesy+of+the+artist+6.jpg
Shapeshifting Spaces: stretched by the desires within them,https://irp.cdn-website.com/5516674f/dms3rep/multi/4.+Moving+Image+Programs-4.2+Shapeshifting+Spaces+stretched+by+the+desires+within+them-Artwork+Images-Ming+Wong-+After+Chinatown--Ming+Wong-+After+Chinatown-+courtesy+of+the+artist+1.jpg
Shapeshifting Spaces: stretched by the desires within them,https://irp.cdn-website.com/5516674f/dms3rep/multi/4.+Moving+Image+Programs-4.2+Shapeshifting+Spaces+stretched+by+the+desires+within+them-Artwork+Images-Ming+Wong-+After+Chinatown--Ming+Wong-+After+Chinatown-+courtesy+of+the+artist+5.jpg
Shapeshifting Spaces: stretched by the desires within them,https://irp.cdn-website.com/5516674f/dms3rep/multi/4.+Moving+Image+Programs-4.2+Shapeshifting+Spaces+stretched+by+the+desires+within+them-Artwork+Images-Ming+Wong-+After+Chinatown--Ming+Wong-+After+Chinatown-+courtesy+of+the+artist+4.jpg
Shapeshifting Spaces: stretched by the desires within them,https://irp.cdn-website.com/5516674f/dms3rep/multi/4.+Moving+Image+Programs-4.2+Shapeshifting+Spaces+stretched+by+the+desires+within+them-Artwork+Images-Surapong+Pinijkhar-+Sampeng--Surapong+Pinijkhar-+Sampeng+2.jpg
Shapeshifting Spaces: stretched by the desires within them,https://irp.cdn-website.com/5516674f/dms3rep/multi/4.+Moving+Image+Programs-4.2+Shapeshifting+Spaces+stretched+by+the+desires+within+them-Artwork+Images-Surapong+Pinijkhar-+Sampeng--Surapong+Pinijkhar-+Sampeng+1.jpg
Shapeshifting Spaces: stretched by the desires within them,https://irp.cdn-website.com/5516674f/dms3rep/multi/4.+Moving+Image+Programs-4.2+Shapeshifting+Spaces+stretched+by+the+desires+within+them-Artwork+Images-Surapong+Pinijkhar-+Sampeng--Surapong+Pinijkhar-+Sampeng+3.jpg
we gather,https://irp.cdn-website.com/5516674f/dms3rep/multi/4.+Moving+Image+Programs-4.3+we+gather-Artwork+Images-AFSAR-DAVRA-+Proxy+Conference+In+Forest--AFSAR-DAVRA-+Proxy+Conference+In+Forest+11.jpg
we gather,https://irp.cdn-website.com/5516674f/dms3rep/multi/4.+Moving+Image+Programs-4.3+we+gather-Artwork+Images-AFSAR-DAVRA-+Proxy+Conference+In+Forest--AFSAR-DAVRA-+Proxy+Conference+In+Forest+3.jpg
we gather,https://irp.cdn-website.com/5516674f/dms3rep/multi/4.+Moving+Image+Programs-4.3+we+gather-Artwork+Images-AFSAR-DAVRA-+Proxy+Conference+In+Forest--AFSAR-DAVRA-+Proxy+Conference+In+Forest+2.jpg
we gather,https://irp.cdn-website.com/5516674f/dms3rep/multi/4.+Moving+Image+Programs-4.3+we+gather-Artwork+Images-AFSAR-DAVRA-+Proxy+Conference+In+Forest--AFSAR-DAVRA-+Proxy+Conference+In+Forest+10.jpg
we gather,https://irp.cdn-website.com/5516674f/dms3rep/multi/4.+Moving+Image+Programs-4.3+we+gather-Artwork+Images-AFSAR-DAVRA-+Proxy+Conference+In+Forest--AFSAR-DAVRA-+Proxy+Conference+In+Forest+4.jpg
we gather,https://irp.cdn-website.com/5516674f/dms3rep/multi/4.+Moving+Image+Programs-4.3+we+gather-Artwork+Images-AFSAR-DAVRA-+Proxy+Conference+In+Forest--AFSAR-DAVRA-+Proxy+Conference+In+Forest+7.jpg
we gather,https://irp.cdn-website.com/5516674f/dms3rep/multi/4.+Moving+Image+Programs-4.3+we+gather-Artwork+Images-AFSAR-DAVRA-+Proxy+Conference+In+Forest--AFSAR-DAVRA-+Proxy+Conference+In+Forest+9.jpg
we gather,https://irp.cdn-website.com/5516674f/dms3rep/multi/4.+Moving+Image+Programs-4.3+we+gather-Artwork+Images-AFSAR-DAVRA-+Proxy+Conference+In+Forest--AFSAR-DAVRA-+Proxy+Conference+In+Forest+8.jpg
we gather,https://irp.cdn-website.com/5516674f/dms3rep/multi/4.+Moving+Image+Programs-4.3+we+gather-Artwork+Images-AFSAR-DAVRA-+Proxy+Conference+In+Forest--AFSAR-DAVRA-+Proxy+Conference+In+Forest+6.jpg
we gather,https://irp.cdn-website.com/5516674f/dms3rep/multi/4.+Moving+Image+Programs-4.3+we+gather-Artwork+Images-AFSAR-DAVRA-+Proxy+Conference+In+Forest--AFSAR-DAVRA-+Proxy+Conference+In+Forest+5.jpg
we gather,https://irp.cdn-website.com/5516674f/dms3rep/multi/4.+Moving+Image+Programs-4.3+we+gather-Artwork+Images-AFSAR-DAVRA-+Proxy+Conference+In+Forest--AFSAR-DAVRA-+Proxy+Conference+In+Forest+1.jpg
we gather,https://irp.cdn-website.com/5516674f/dms3rep/multi/4.+Moving+Image+Programs-4.3+we+gather-Artwork+Images-Saodat+Ismailova-+Chillpiq--Saodat+Ismailova-+Chillpiq+1.jpg
we gather,https://irp.cdn-website.com/5516674f/dms3rep/multi/4.+Moving+Image+Programs-4.3+we+gather-Artwork+Images-Cinthia+Marcelle+-+Tiago+Mata+Machado-+Comunidade--Cinthia+Marcelle+-+Tiago+Mata+Machado-+Comunidade+14.jpg
we gather,https://irp.cdn-website.com/5516674f/dms3rep/multi/4.+Moving+Image+Programs-4.3+we+gather-Artwork+Images-Isaac+Wai-+Rehearsal+of+the+Futures+Police+Training--Isaac+Wai-+Rehearsal+of+the+Futures+Police+Training+1.jpg
we gather,https://irp.cdn-website.com/5516674f/dms3rep/multi/4.+Moving+Image+Programs-4.3+we+gather-Artwork+Images-Isaac+Wai-+Rehearsal+of+the+Futures+Police+Training--Isaac+Wai-+Rehearsal+of+the+Futures+Police+Training+2.jpg
we gather,https://irp.cdn-website.com/5516674f/dms3rep/multi/4.+Moving+Image+Programs-4.3+we+gather-Artwork+Images-Cinthia+Marcelle+-+Tiago+Mata+Machado-+Comunidade--Cinthia+Marcelle+-+Tiago+Mata+Machado-+Comunidade+13.jpg
we gather,https://irp.cdn-website.com/5516674f/dms3rep/multi/4.+Moving+Image+Programs-4.3+we+gather-Artwork+Images-Cinthia+Marcelle+-+Tiago+Mata+Machado-+Comunidade--Cinthia+Marcelle+-+Tiago+Mata+Machado-+Comunidade+15.jpg
we gather,https://irp.cdn-website.com/5516674f/dms3rep/multi/4.+Moving+Image+Programs-4.3+we+gather-Artwork+Images-Cinthia+Marcelle+-+Tiago+Mata+Machado-+Comunidade--Cinthia+Marcelle+-+Tiago+Mata+Machado-+Comunidade+16.jpg
we gather,https://irp.cdn-website.com/5516674f/dms3rep/multi/4.+Moving+Image+Programs-4.3+we+gather-Artwork+Images-Cinthia+Marcelle+-+Tiago+Mata+Machado-+Comunidade--Cinthia+Marcelle+-+Tiago+Mata+Machado-+Comunidade+17.jpg
we gather,https://irp.cdn-website.com/5516674f/dms3rep/multi/4.+Moving+Image+Programs-4.3+we+gather-Artwork+Images-Cinthia+Marcelle+-+Tiago+Mata+Machado-+Comunidade--Cinthia+Marcelle+-+Tiago+Mata+Machado-+Comunidade+11.jpg
we gather,https://irp.cdn-website.com/5516674f/dms3rep/multi/4.+Moving+Image+Programs-4.3+we+gather-Artwork+Images-Cinthia+Marcelle+-+Tiago+Mata+Machado-+Comunidade--Cinthia+Marcelle+-+Tiago+Mata+Machado-+Comunidade+10.jpg
we gather,https://irp.cdn-website.com/5516674f/dms3rep/multi/4.+Moving+Image+Programs-4.3+we+gather-Artwork+Images-Cinthia+Marcelle+-+Tiago+Mata+Machado-+Comunidade--Cinthia+Marcelle+-+Tiago+Mata+Machado-+Comunidade+12.jpg
we gather,https://irp.cdn-website.com/5516674f/dms3rep/multi/4.+Moving+Image+Programs-4.3+we+gather-Artwork+Images-Andrew+Norman+Wilson-+Silvesterchl%C3%A4usen--Andrew+Norman+Wilson-+Silvesterchl%C3%A4usen+4.jpg
we gather,https://irp.cdn-website.com/5516674f/dms3rep/multi/4.+Moving+Image+Programs-4.3+we+gather-Artwork+Images-Andrew+Norman+Wilson-+Silvesterchl%C3%A4usen--Andrew+Norman+Wilson-+Silvesterchl%C3%A4usen+3.jpg
we gather,https://irp.cdn-website.com/5516674f/dms3rep/multi/4.+Moving+Image+Programs-4.3+we+gather-Artwork+Images-Andrew+Norman+Wilson-+Silvesterchl%C3%A4usen--Andrew+Norman+Wilson-+Silvesterchl%C3%A4usen+1.jpg
we gather,https://irp.cdn-website.com/5516674f/dms3rep/multi/4.+Moving+Image+Programs-4.3+we+gather-Artwork+Images-Cinthia+Marcelle+-+Tiago+Mata+Machado-+Comunidade--Cinthia+Marcelle+-+Tiago+Mata+Machado-+Comunidade+1.jpg
we gather,https://irp.cdn-website.com/5516674f/dms3rep/multi/4.+Moving+Image+Programs-4.3+we+gather-Artwork+Images-Andrew+Norman+Wilson-+Silvesterchl%C3%A4usen--Andrew+Norman+Wilson-+Silvesterchl%C3%A4usen+2.jpg
we gather,https://irp.cdn-website.com/5516674f/dms3rep/multi/4.+Moving+Image+Programs-4.3+we+gather-Artwork+Images-Cinthia+Marcelle+-+Tiago+Mata+Machado-+Comunidade--Cinthia+Marcelle+-+Tiago+Mata+Machado-+Comunidade+8.jpg
we gather,https://irp.cdn-website.com/5516674f/dms3rep/multi/4.+Moving+Image+Programs-4.3+we+gather-Artwork+Images-Cinthia+Marcelle+-+Tiago+Mata+Machado-+Comunidade--Cinthia+Marcelle+-+Tiago+Mata+Machado-+Comunidade+6.jpg
we gather,https://irp.cdn-website.com/5516674f/dms3rep/multi/4.+Moving+Image+Programs-4.3+we+gather-Artwork+Images-Cinthia+Marcelle+-+Tiago+Mata+Machado-+Comunidade--Cinthia+Marcelle+-+Tiago+Mata+Machado-+Comunidade+2.jpg
seeds,https://irp.cdn-website.com/5516674f/dms3rep/multi/4.+Moving+Image+Programs-4.4+seeds-Artwork+Images-Tang+Han-+Ginkgo+and+Other+Times--Tang+Han-+Ginkgo+and+Other+Times+5.jpg
seeds,https://irp.cdn-website.com/5516674f/dms3rep/multi/4.+Moving+Image+Programs-4.4+seeds-Artwork+Images-Tang+Han-+Ginkgo+and+Other+Times--Tang+Han-+Ginkgo+and+Other+Times+2.jpg
seeds,https://irp.cdn-website.com/5516674f/dms3rep/multi/4.+Moving+Image+Programs-4.4+seeds-Artwork+Images-Mooni+Perry-+Binlang+Xishi--Mooni+Perry-+Binlang+Xishi+3.jpg
seeds,https://irp.cdn-website.com/5516674f/dms3rep/multi/4.+Moving+Image+Programs-4.4+seeds-Artwork+Images-Tang+Han-+Ginkgo+and+Other+Times--Tang+Han-+Ginkgo+and+Other+Times+4.jpg
seeds,https://irp.cdn-website.com/5516674f/dms3rep/multi/4.+Moving+Image+Programs-4.4+seeds-Artwork+Images-Mooni+Perry-+Binlang+Xishi--Mooni+Perry-+Binlang+Xishi+2.jpg
seeds,https://irp.cdn-website.com/5516674f/dms3rep/multi/4.+Moving+Image+Programs-4.4+seeds-Artwork+Images-Mooni+Perry-+Binlang+Xishi--Mooni+Perry-+Binlang+Xishi+1.jpg
seeds,https://irp.cdn-website.com/5516674f/dms3rep/multi/4.+Moving+Image+Programs-4.4+seeds-Artwork+Images-Tang+Han-+Ginkgo+and+Other+Times--Tang+Han-+Ginkgo+and+Other+Times+7.jpg
seeds,https://irp.cdn-website.com/5516674f/dms3rep/multi/4.+Moving+Image+Programs-4.4+seeds-Artwork+Images-Tang+Han-+Ginkgo+and+Other+Times--Tang+Han-+Ginkgo+and+Other+Times+9.jpg
seeds,https://irp.cdn-website.com/5516674f/dms3rep/multi/4.+Moving+Image+Programs-4.4+seeds-Artwork+Images-Tang+Han-+Ginkgo+and+Other+Times--Tang+Han-+Ginkgo+and+Other+Times+1.jpg
seeds,https://irp.cdn-website.com/5516674f/dms3rep/multi/4.+Moving+Image+Programs-4.4+seeds-Artwork+Images-Mooni+Perry-+Binlang+Xishi--Mooni+Perry-+Binlang+Xishi+4.jpg
seeds,https://irp.cdn-website.com/5516674f/dms3rep/multi/4.+Moving+Image+Programs-4.4+seeds-Artwork+Images-Tang+Han-+Ginkgo+and+Other+Times--Tang+Han-+Ginkgo+and+Other+Times+3.jpg
seeds,https://irp.cdn-website.com/5516674f/dms3rep/multi/4.+Moving+Image+Programs-4.4+seeds-Artwork+Images-Tang+Han-+Ginkgo+and+Other+Times--Tang+Han-+Ginkgo+and+Other+Times+8.jpg
seeds,https://irp.cdn-website.com/5516674f/dms3rep/multi/4.+Moving+Image+Programs-4.4+seeds-Artwork+Images-Tang+Han-+Ginkgo+and+Other+Times--Tang+Han-+Ginkgo+and+Other+Times+6.jpg
Search for Life I,https://irp.cdn-website.com/5516674f/dms3rep/multi/4.+Moving+Image+Programs-4.5+Search+for+Life+I+-+WORKWORKWORK-Artwork+Images--Search+for+Life+I+3.jpg
Search for Life I,https://irp.cdn-website.com/5516674f/dms3rep/multi/4.+Moving+Image+Programs-4.5+Search+for+Life+I+-+WORKWORKWORK-Artwork+Images--Warm+Spell+1.jpg
Search for Life I,https://irp.cdn-website.com/5516674f/dms3rep/multi/4.+Moving+Image+Programs-4.5+Search+for+Life+I+-+WORKWORKWORK-Artwork+Images--Perfumed+Nightmare+2.jpg
Search for Life I,https://irp.cdn-website.com/5516674f/dms3rep/multi/4.+Moving+Image+Programs-4.5+Search+for+Life+I+-+WORKWORKWORK-Artwork+Images--Search+for+Life+I+2.jpg
Search for Life I,https://irp.cdn-website.com/5516674f/dms3rep/multi/4.+Moving+Image+Programs-4.5+Search+for+Life+I+-+WORKWORKWORK-Artwork+Images--Warm+Spell+2.jpg
Search for Life I,https://irp.cdn-website.com/5516674f/dms3rep/multi/4.+Moving+Image+Programs-4.5+Search+for+Life+I+-+WORKWORKWORK-Artwork+Images--Perfumed+Nightmare+1-1920w.jpeg
Search for Life I,https://irp.cdn-website.com/5516674f/dms3rep/multi/4.+Moving+Image+Programs-4.5+Search+for+Life+I+-+WORKWORKWORK-Artwork+Images--Search+for+Life+I+1.jpg